Table Name: Circle$RecordAll$domain0, Topic Name: Circle
Timestamp,color,x,y,shapesize,fillKind,angle
Tue May 04 10:10:38 2021,YELLOW,68,153,30,0,0.0000000000
Tue May 04 10:10:38 2021,YELLOW,66,159,30,0,0.0000000000
Tue May 04 10:10:38 2021,YELLOW,64,165,30,0,0.0000000000
Tue May 04 10:10:38 2021,YELLOW,62,171,30,0,0.0000000000
Tue May 04 10:10:38 2021,YELLOW,60,177,30,0,0.0000000000
Tue May 04 10:10:38 2021,YELLOW,58,183,30,0,0.0000000000
Tue May 04 10:10:38 2021,YELLOW,56,189,30,0,0.0000000000
Tue May 04 10:10:38 2021,YELLOW,54,195,30,0,0.0000000000
Tue May 04 10:10:38 2021,YELLOW,52,201,30,0,0.0000000000
Tue May 04 10:10:38 2021,YELLOW,50,207,30,0,0.0000000000
Tue May 04 10:10:38 2021,YELLOW,48,213,30,0,0.0000000000
Tue May 04 10:10:38 2021,YELLOW,46,219,30,0,0.0000000000
Tue May 04 10:10:38 2021,YELLOW,44,225,30,0,0.0000000000
Tue May 04 10:10:38 2021,YELLOW,42,231,30,0,0.0000000000
Tue May 04 10:10:39 2021,YELLOW,40,237,30,0,0.0000000000
Tue May 04 10:10:39 2021,YELLOW,38,243,30,0,0.0000000000
Tue May 04 10:10:39 2021,YELLOW,36,249,30,0,0.0000000000
Tue May 04 10:10:39 2021,YELLOW,34,250,30,0,0.0000000000
Tue May 04 10:10:39 2021,YELLOW,32,244,30,0,0.0000000000
Tue May 04 10:10:39 2021,YELLOW,30,238,30,0,0.0000000000
Tue May 04 10:10:39 2021,YELLOW,28,232,30,0,0.0000000000
Tue May 04 10:10:39 2021,YELLOW,26,226,30,0,0.0000000000
Tue May 04 10:10:39 2021,YELLOW,24,220,30,0,0.0000000000
Tue May 04 10:10:39 2021,YELLOW,22,214,30,0,0.0000000000
Tue May 04 10:10:39 2021,YELLOW,20,208,30,0,0.0000000000
Tue May 04 10:10:39 2021,YELLOW,18,202,30,0,0.0000000000
Tue May 04 10:10:39 2021,YELLOW,16,196,30,0,0.0000000000
Tue May 04 10:10:39 2021,YELLOW,15,190,30,0,0.0000000000
Tue May 04 10:10:39 2021,YELLOW,17,184,30,0,0.0000000000
Tue May 04 10:10:39 2021,YELLOW,19,178,30,0,0.0000000000
Tue May 04 10:10:40 2021,YELLOW,21,172,30,0,0.0000000000
Tue May 04 10:10:40 2021,YELLOW,23,166,30,0,0.0000000000
Tue May 04 10:10:40 2021,YELLOW,25,160,30,0,0.0000000000
Tue May 04 10:10:40 2021,YELLOW,27,154,30,0,0.0000000000
Tue May 04 10:10:40 2021,YELLOW,29,148,30,0,0.0000000000
Tue May 04 10:10:40 2021,YELLOW,31,142,30,0,0.0000000000
Tue May 04 10:10:40 2021,YELLOW,33,136,30,0,0.0000000000
Tue May 04 10:10:40 2021,YELLOW,35,130,30,0,0.0000000000
Tue May 04 10:10:40 2021,YELLOW,37,124,30,0,0.0000000000
Tue May 04 10:10:40 2021,YELLOW,39,118,30,0,0.0000000000
Tue May 04 10:10:40 2021,YELLOW,41,112,30,0,0.0000000000
Tue May 04 10:10:40 2021,YELLOW,43,106,30,0,0.0000000000
Tue May 04 10:10:40 2021,YELLOW,45,100,30,0,0.0000000000
Tue May 04 10:10:40 2021,YELLOW,47,94,30,0,0.0000000000
Tue May 04 10:10:40 2021,YELLOW,49,88,30,0,0.0000000000
Tue May 04 10:10:40 2021,YELLOW,51,82,30,0,0.0000000000
Tue May 04 10:10:41 2021,YELLOW,53,76,30,0,0.0000000000
Tue May 04 10:10:41 2021,YELLOW,55,70,30,0,0.0000000000
Tue May 04 10:10:41 2021,YELLOW,57,64,30,0,0.0000000000
Tue May 04 10:10:41 2021,YELLOW,59,58,30,0,0.0000000000
Tue May 04 10:10:41 2021,YELLOW,61,52,30,0,0.0000000000
Tue May 04 10:10:41 2021,YELLOW,63,46,30,0,0.0000000000
Tue May 04 10:10:41 2021,YELLOW,65,40,30,0,0.0000000000
Tue May 04 10:10:41 2021,YELLOW,67,34,30,0,0.0000000000
Tue May 04 10:10:41 2021,YELLOW,69,28,30,0,0.0000000000
Tue May 04 10:10:41 2021,YELLOW,71,22,30,0,0.0000000000
Tue May 04 10:10:41 2021,YELLOW,73,16,30,0,0.0000000000
Tue May 04 10:10:41 2021,YELLOW,75,15,30,0,0.0000000000
Tue May 04 10:10:41 2021,YELLOW,77,21,30,0,0.0000000000
Tue May 04 10:10:41 2021,YELLOW,79,27,30,0,0.0000000000
Tue May 04 10:10:41 2021,YELLOW,81,33,30,0,0.0000000000
Tue May 04 10:10:41 2021,YELLOW,83,39,30,0,0.0000000000
Tue May 04 10:10:42 2021,YELLOW,85,45,30,0,0.0000000000
Tue May 04 10:10:42 2021,YELLOW,87,51,30,0,0.0000000000
Tue May 04 10:10:42 2021,YELLOW,89,57,30,0,0.0000000000
Tue May 04 10:10:42 2021,YELLOW,91,63,30,0,0.0000000000
Tue May 04 10:10:42 2021,YELLOW,93,69,30,0,0.0000000000
Tue May 04 10:10:42 2021,YELLOW,95,75,30,0,0.0000000000
Tue May 04 10:10:42 2021,YELLOW,97,81,30,0,0.0000000000
Tue May 04 10:10:42 2021,YELLOW,99,87,30,0,0.0000000000
Tue May 04 10:10:42 2021,YELLOW,101,93,30,0,0.0000000000
Tue May 04 10:10:42 2021,YELLOW,103,99,30,0,0.0000000000
Tue May 04 10:10:42 2021,YELLOW,105,105,30,0,0.0000000000
Tue May 04 10:10:42 2021,YELLOW,107,111,30,0,0.0000000000
Tue May 04 10:10:42 2021,YELLOW,109,117,30,0,0.0000000000
Tue May 04 10:10:42 2021,YELLOW,111,123,30,0,0.0000000000
Tue May 04 10:10:42 2021,YELLOW,113,129,30,0,0.0000000000
Tue May 04 10:10:42 2021,YELLOW,115,135,30,0,0.0000000000
Tue May 04 10:10:43 2021,YELLOW,117,141,30,0,0.0000000000
Tue May 04 10:10:43 2021,YELLOW,119,147,30,0,0.0000000000
Tue May 04 10:10:43 2021,YELLOW,121,153,30,0,0.0000000000
Tue May 04 10:10:43 2021,YELLOW,123,159,30,0,0.0000000000
Tue May 04 10:10:43 2021,YELLOW,125,165,30,0,0.0000000000
Tue May 04 10:10:43 2021,YELLOW,127,171,30,0,0.0000000000
Tue May 04 10:10:43 2021,YELLOW,129,177,30,0,0.0000000000
Tue May 04 10:10:43 2021,YELLOW,131,183,30,0,0.0000000000
Tue May 04 10:10:43 2021,YELLOW,133,189,30,0,0.0000000000
Tue May 04 10:10:43 2021,YELLOW,135,195,30,0,0.0000000000
Tue May 04 10:10:43 2021,YELLOW,137,201,30,0,0.0000000000
Tue May 04 10:10:43 2021,YELLOW,139,207,30,0,0.0000000000
Tue May 04 10:10:43 2021,YELLOW,141,213,30,0,0.0000000000
Tue May 04 10:10:43 2021,YELLOW,143,219,30,0,0.0000000000
Tue May 04 10:10:43 2021,YELLOW,145,225,30,0,0.0000000000
Tue May 04 10:10:43 2021,YELLOW,147,231,30,0,0.0000000000
Tue May 04 10:10:44 2021,YELLOW,149,237,30,0,0.0000000000
Tue May 04 10:10:44 2021,YELLOW,151,243,30,0,0.0000000000
Tue May 04 10:10:44 2021,YELLOW,153,249,30,0,0.0000000000
Tue May 04 10:10:44 2021,YELLOW,155,250,30,0,0.0000000000
Tue May 04 10:10:44 2021,YELLOW,157,244,30,0,0.0000000000
Tue May 04 10:10:44 2021,YELLOW,159,238,30,0,0.0000000000
Tue May 04 10:10:44 2021,YELLOW,161,232,30,0,0.0000000000
Tue May 04 10:10:44 2021,YELLOW,163,226,30,0,0.0000000000
Tue May 04 10:10:44 2021,YELLOW,165,220,30,0,0.0000000000
Tue May 04 10:10:44 2021,YELLOW,167,214,30,0,0.0000000000
Tue May 04 10:10:44 2021,YELLOW,169,208,30,0,0.0000000000
Tue May 04 10:10:44 2021,YELLOW,171,202,30,0,0.0000000000
Tue May 04 10:10:44 2021,YELLOW,173,196,30,0,0.0000000000
Tue May 04 10:10:44 2021,YELLOW,175,190,30,0,0.0000000000
Tue May 04 10:10:44 2021,YELLOW,177,184,30,0,0.0000000000
Tue May 04 10:10:44 2021,YELLOW,179,178,30,0,0.0000000000
Tue May 04 10:10:45 2021,YELLOW,181,172,30,0,0.0000000000
Tue May 04 10:10:45 2021,YELLOW,183,166,30,0,0.0000000000
Tue May 04 10:10:45 2021,YELLOW,185,160,30,0,0.0000000000
Tue May 04 10:10:45 2021,YELLOW,187,154,30,0,0.0000000000
Tue May 04 10:10:45 2021,YELLOW,189,148,30,0,0.0000000000
Tue May 04 10:10:45 2021,YELLOW,191,142,30,0,0.0000000000
Tue May 04 10:10:45 2021,YELLOW,193,136,30,0,0.0000000000
Tue May 04 10:10:45 2021,YELLOW,195,130,30,0,0.0000000000
Tue May 04 10:10:45 2021,YELLOW,197,124,30,0,0.0000000000
Tue May 04 10:10:45 2021,YELLOW,199,118,30,0,0.0000000000
Tue May 04 10:10:45 2021,YELLOW,201,112,30,0,0.0000000000
Tue May 04 10:10:45 2021,YELLOW,203,106,30,0,0.0000000000
Tue May 04 10:10:45 2021,YELLOW,205,100,30,0,0.0000000000
Tue May 04 10:10:45 2021,YELLOW,207,94,30,0,0.0000000000
Tue May 04 10:10:45 2021,YELLOW,209,88,30,0,0.0000000000
Tue May 04 10:10:45 2021,YELLOW,211,82,30,0,0.0000000000
Tue May 04 10:10:46 2021,YELLOW,213,76,30,0,0.0000000000
Tue May 04 10:10:46 2021,YELLOW,215,70,30,0,0.0000000000
Tue May 04 10:10:46 2021,YELLOW,217,64,30,0,0.0000000000
Tue May 04 10:10:46 2021,YELLOW,219,58,30,0,0.0000000000
Tue May 04 10:10:46 2021,YELLOW,220,52,30,0,0.0000000000
Tue May 04 10:10:46 2021,YELLOW,218,46,30,0,0.0000000000
Tue May 04 10:10:46 2021,YELLOW,216,40,30,0,0.0000000000
Tue May 04 10:10:46 2021,YELLOW,214,34,30,0,0.0000000000
Tue May 04 10:10:46 2021,YELLOW,212,28,30,0,0.0000000000
Tue May 04 10:10:46 2021,YELLOW,210,22,30,0,0.0000000000
Tue May 04 10:10:46 2021,YELLOW,208,16,30,0,0.0000000000
Tue May 04 10:10:46 2021,YELLOW,206,15,30,0,0.0000000000
Tue May 04 10:10:46 2021,YELLOW,204,21,30,0,0.0000000000
Tue May 04 10:10:46 2021,YELLOW,202,27,30,0,0.0000000000
Tue May 04 10:10:46 2021,YELLOW,200,33,30,0,0.0000000000
Tue May 04 10:10:46 2021,YELLOW,198,39,30,0,0.0000000000
Tue May 04 10:10:47 2021,YELLOW,196,45,30,0,0.0000000000
Tue May 04 10:10:47 2021,YELLOW,194,51,30,0,0.0000000000
Tue May 04 10:10:47 2021,YELLOW,192,57,30,0,0.0000000000
Tue May 04 10:10:47 2021,YELLOW,190,63,30,0,0.0000000000
Tue May 04 10:10:47 2021,YELLOW,188,69,30,0,0.0000000000
Tue May 04 10:10:47 2021,YELLOW,186,75,30,0,0.0000000000
Tue May 04 10:10:47 2021,YELLOW,184,81,30,0,0.0000000000
Tue May 04 10:10:47 2021,YELLOW,182,87,30,0,0.0000000000
Tue May 04 10:10:47 2021,YELLOW,180,93,30,0,0.0000000000
Tue May 04 10:10:47 2021,YELLOW,178,99,30,0,0.0000000000
Tue May 04 10:10:47 2021,YELLOW,176,105,30,0,0.0000000000
Tue May 04 10:10:47 2021,YELLOW,174,111,30,0,0.0000000000
Tue May 04 10:10:47 2021,YELLOW,172,117,30,0,0.0000000000
Tue May 04 10:10:47 2021,YELLOW,170,123,30,0,0.0000000000
Tue May 04 10:10:47 2021,YELLOW,168,129,30,0,0.0000000000
Tue May 04 10:10:47 2021,YELLOW,166,135,30,0,0.0000000000
Tue May 04 10:10:48 2021,YELLOW,164,141,30,0,0.0000000000
Tue May 04 10:10:48 2021,YELLOW,162,147,30,0,0.0000000000
Tue May 04 10:10:48 2021,YELLOW,160,153,30,0,0.0000000000
Tue May 04 10:10:48 2021,YELLOW,158,159,30,0,0.0000000000
Tue May 04 10:10:48 2021,YELLOW,156,165,30,0,0.0000000000
Tue May 04 10:10:48 2021,YELLOW,154,171,30,0,0.0000000000
Tue May 04 10:10:48 2021,YELLOW,152,177,30,0,0.0000000000
Tue May 04 10:10:48 2021,YELLOW,150,183,30,0,0.0000000000
Tue May 04 10:10:48 2021,YELLOW,148,189,30,0,0.0000000000
Tue May 04 10:10:48 2021,YELLOW,146,195,30,0,0.0000000000
Tue May 04 10:10:48 2021,YELLOW,144,201,30,0,0.0000000000
Tue May 04 10:10:48 2021,YELLOW,142,207,30,0,0.0000000000
Tue May 04 10:10:48 2021,YELLOW,140,213,30,0,0.0000000000
Tue May 04 10:10:48 2021,YELLOW,138,219,30,0,0.0000000000
Tue May 04 10:10:48 2021,YELLOW,136,225,30,0,0.0000000000
Tue May 04 10:10:48 2021,YELLOW,134,231,30,0,0.0000000000
Tue May 04 10:10:49 2021,YELLOW,132,237,30,0,0.0000000000
Tue May 04 10:10:49 2021,YELLOW,130,243,30,0,0.0000000000
Tue May 04 10:10:49 2021,YELLOW,128,249,30,0,0.0000000000
Tue May 04 10:10:49 2021,YELLOW,126,250,30,0,0.0000000000
Tue May 04 10:10:49 2021,YELLOW,124,244,30,0,0.0000000000
Tue May 04 10:10:49 2021,YELLOW,122,238,30,0,0.0000000000
Tue May 04 10:10:49 2021,YELLOW,120,232,30,0,0.0000000000
Tue May 04 10:10:49 2021,YELLOW,118,226,30,0,0.0000000000
Tue May 04 10:10:49 2021,YELLOW,116,220,30,0,0.0000000000
Tue May 04 10:10:49 2021,YELLOW,114,214,30,0,0.0000000000
Tue May 04 10:10:49 2021,YELLOW,112,208,30,0,0.0000000000
Tue May 04 10:10:49 2021,YELLOW,110,202,30,0,0.0000000000
Tue May 04 10:10:49 2021,YELLOW,108,196,30,0,0.0000000000
Tue May 04 10:10:49 2021,YELLOW,106,190,30,0,0.0000000000
Tue May 04 10:10:49 2021,YELLOW,104,184,30,0,0.0000000000
Tue May 04 10:10:49 2021,YELLOW,102,178,30,0,0.0000000000
Tue May 04 10:10:50 2021,YELLOW,100,172,30,0,0.0000000000
Tue May 04 10:10:50 2021,YELLOW,98,166,30,0,0.0000000000
Tue May 04 10:10:50 2021,YELLOW,96,160,30,0,0.0000000000
Tue May 04 10:10:50 2021,YELLOW,94,154,30,0,0.0000000000
Tue May 04 10:10:50 2021,YELLOW,92,148,30,0,0.0000000000
Tue May 04 10:10:50 2021,YELLOW,90,142,30,0,0.0000000000
Tue May 04 10:10:50 2021,YELLOW,88,136,30,0,0.0000000000
Tue May 04 10:10:50 2021,YELLOW,86,130,30,0,0.0000000000
Tue May 04 10:10:50 2021,YELLOW,84,124,30,0,0.0000000000
Tue May 04 10:10:50 2021,YELLOW,82,118,30,0,0.0000000000
Tue May 04 10:10:50 2021,YELLOW,80,112,30,0,0.0000000000
Tue May 04 10:10:50 2021,YELLOW,78,106,30,0,0.0000000000
Tue May 04 10:10:50 2021,YELLOW,76,100,30,0,0.0000000000
Tue May 04 10:10:50 2021,YELLOW,74,94,30,0,0.0000000000
Tue May 04 10:10:50 2021,YELLOW,72,88,30,0,0.0000000000
Tue May 04 10:10:50 2021,YELLOW,70,82,30,0,0.0000000000
Tue May 04 10:10:51 2021,YELLOW,68,76,30,0,0.0000000000
Tue May 04 10:10:51 2021,YELLOW,66,70,30,0,0.0000000000
Tue May 04 10:10:51 2021,YELLOW,64,64,30,0,0.0000000000
Tue May 04 10:10:51 2021,YELLOW,62,58,30,0,0.0000000000
Tue May 04 10:10:51 2021,YELLOW,60,52,30,0,0.0000000000
Tue May 04 10:10:51 2021,YELLOW,58,46,30,0,0.0000000000
Tue May 04 10:10:51 2021,YELLOW,56,40,30,0,0.0000000000
Tue May 04 10:10:51 2021,YELLOW,54,34,30,0,0.0000000000
Tue May 04 10:10:51 2021,YELLOW,52,28,30,0,0.0000000000
Tue May 04 10:10:51 2021,YELLOW,50,22,30,0,0.0000000000
Tue May 04 10:10:51 2021,YELLOW,48,16,30,0,0.0000000000
Tue May 04 10:10:51 2021,YELLOW,46,15,30,0,0.0000000000
Tue May 04 10:10:51 2021,YELLOW,44,21,30,0,0.0000000000
Tue May 04 10:10:51 2021,YELLOW,42,27,30,0,0.0000000000
Tue May 04 10:10:51 2021,YELLOW,40,33,30,0,0.0000000000
Tue May 04 10:10:51 2021,YELLOW,38,39,30,0,0.0000000000
Tue May 04 10:10:52 2021,YELLOW,36,45,30,0,0.0000000000
Tue May 04 10:10:52 2021,YELLOW,34,51,30,0,0.0000000000
Tue May 04 10:10:52 2021,YELLOW,32,57,30,0,0.0000000000
Tue May 04 10:10:52 2021,YELLOW,30,63,30,0,0.0000000000
Tue May 04 10:10:52 2021,YELLOW,28,69,30,0,0.0000000000
Tue May 04 10:10:52 2021,YELLOW,26,75,30,0,0.0000000000
Tue May 04 10:10:52 2021,YELLOW,24,81,30,0,0.0000000000
Tue May 04 10:10:52 2021,YELLOW,22,87,30,0,0.0000000000
Tue May 04 10:10:52 2021,YELLOW,20,93,30,0,0.0000000000
Tue May 04 10:10:52 2021,YELLOW,18,99,30,0,0.0000000000
Tue May 04 10:10:52 2021,YELLOW,16,105,30,0,0.0000000000
Tue May 04 10:10:52 2021,YELLOW,15,111,30,0,0.0000000000
Tue May 04 10:10:52 2021,YELLOW,17,117,30,0,0.0000000000
Tue May 04 10:10:52 2021,YELLOW,19,123,30,0,0.0000000000
Tue May 04 10:10:52 2021,YELLOW,21,129,30,0,0.0000000000
Tue May 04 10:10:52 2021,YELLOW,23,135,30,0,0.0000000000
Tue May 04 10:10:53 2021,YELLOW,25,141,30,0,0.0000000000
Tue May 04 10:10:53 2021,YELLOW,27,147,30,0,0.0000000000
Tue May 04 10:10:53 2021,YELLOW,29,153,30,0,0.0000000000
Tue May 04 10:10:53 2021,YELLOW,31,159,30,0,0.0000000000
Tue May 04 10:10:53 2021,YELLOW,33,165,30,0,0.0000000000
Tue May 04 10:10:53 2021,YELLOW,35,171,30,0,0.0000000000
Tue May 04 10:10:53 2021,YELLOW,37,177,30,0,0.0000000000
Tue May 04 10:10:53 2021,YELLOW,39,183,30,0,0.0000000000
Tue May 04 10:10:53 2021,YELLOW,41,189,30,0,0.0000000000
Tue May 04 10:10:53 2021,YELLOW,43,195,30,0,0.0000000000
Tue May 04 10:10:53 2021,YELLOW,45,201,30,0,0.0000000000
Tue May 04 10:10:53 2021,YELLOW,47,207,30,0,0.0000000000
Tue May 04 10:10:53 2021,YELLOW,49,213,30,0,0.0000000000
Tue May 04 10:10:53 2021,YELLOW,51,219,30,0,0.0000000000
Tue May 04 10:10:53 2021,YELLOW,53,225,30,0,0.0000000000
Tue May 04 10:10:53 2021,YELLOW,55,231,30,0,0.0000000000
Tue May 04 10:10:54 2021,YELLOW,57,237,30,0,0.0000000000
Tue May 04 10:10:54 2021,YELLOW,59,243,30,0,0.0000000000
Tue May 04 10:10:54 2021,YELLOW,61,249,30,0,0.0000000000
Tue May 04 10:10:54 2021,YELLOW,63,250,30,0,0.0000000000
Tue May 04 10:10:54 2021,YELLOW,65,244,30,0,0.0000000000
Tue May 04 10:10:54 2021,YELLOW,67,238,30,0,0.0000000000
Tue May 04 10:10:54 2021,YELLOW,69,232,30,0,0.0000000000
Tue May 04 10:10:54 2021,YELLOW,71,226,30,0,0.0000000000
Tue May 04 10:10:54 2021,YELLOW,73,220,30,0,0.0000000000
Tue May 04 10:10:54 2021,YELLOW,75,214,30,0,0.0000000000
Tue May 04 10:10:54 2021,YELLOW,77,208,30,0,0.0000000000
Tue May 04 10:10:54 2021,YELLOW,79,202,30,0,0.0000000000
Tue May 04 10:10:54 2021,YELLOW,81,196,30,0,0.0000000000
Tue May 04 10:10:54 2021,YELLOW,83,190,30,0,0.0000000000
Tue May 04 10:10:54 2021,YELLOW,85,184,30,0,0.0000000000
Tue May 04 10:10:54 2021,YELLOW,87,178,30,0,0.0000000000
Tue May 04 10:10:55 2021,YELLOW,89,172,30,0,0.0000000000
Tue May 04 10:10:55 2021,YELLOW,91,166,30,0,0.0000000000
Tue May 04 10:10:55 2021,YELLOW,93,160,30,0,0.0000000000
Tue May 04 10:10:55 2021,YELLOW,95,154,30,0,0.0000000000
Tue May 04 10:10:55 2021,YELLOW,97,148,30,0,0.0000000000
Tue May 04 10:10:55 2021,YELLOW,99,142,30,0,0.0000000000
Tue May 04 10:10:55 2021,YELLOW,101,136,30,0,0.0000000000
Tue May 04 10:10:55 2021,YELLOW,103,130,30,0,0.0000000000
Tue May 04 10:10:55 2021,YELLOW,105,124,30,0,0.0000000000
Tue May 04 10:10:55 2021,YELLOW,107,118,30,0,0.0000000000
Tue May 04 10:10:55 2021,YELLOW,109,112,30,0,0.0000000000
Tue May 04 10:10:55 2021,YELLOW,111,106,30,0,0.0000000000
Tue May 04 10:10:55 2021,YELLOW,113,100,30,0,0.0000000000
Tue May 04 10:10:55 2021,YELLOW,115,94,30,0,0.0000000000
Tue May 04 10:10:55 2021,YELLOW,117,88,30,0,0.0000000000
Tue May 04 10:10:55 2021,YELLOW,119,82,30,0,0.0000000000
Tue May 04 10:10:56 2021,YELLOW,121,76,30,0,0.0000000000
Tue May 04 10:10:56 2021,YELLOW,123,70,30,0,0.0000000000
Tue May 04 10:10:56 2021,YELLOW,125,64,30,0,0.0000000000
Tue May 04 10:10:56 2021,YELLOW,127,58,30,0,0.0000000000
Tue May 04 10:10:56 2021,YELLOW,129,52,30,0,0.0000000000
Tue May 04 10:10:56 2021,YELLOW,131,46,30,0,0.0000000000
Tue May 04 10:10:56 2021,YELLOW,133,40,30,0,0.0000000000
Tue May 04 10:10:56 2021,YELLOW,135,34,30,0,0.0000000000
Tue May 04 10:10:56 2021,YELLOW,137,28,30,0,0.0000000000
Tue May 04 10:10:56 2021,YELLOW,139,22,30,0,0.0000000000
Tue May 04 10:10:56 2021,YELLOW,141,16,30,0,0.0000000000
Tue May 04 10:10:56 2021,YELLOW,143,15,30,0,0.0000000000
Tue May 04 10:10:56 2021,YELLOW,145,21,30,0,0.0000000000
Tue May 04 10:10:56 2021,YELLOW,147,27,30,0,0.0000000000
Tue May 04 10:10:56 2021,YELLOW,149,33,30,0,0.0000000000
Tue May 04 10:10:56 2021,YELLOW,151,39,30,0,0.0000000000
Tue May 04 10:10:57 2021,YELLOW,153,45,30,0,0.0000000000
Tue May 04 10:10:57 2021,YELLOW,155,51,30,0,0.0000000000
Tue May 04 10:10:57 2021,YELLOW,157,57,30,0,0.0000000000
Tue May 04 10:10:57 2021,YELLOW,159,63,30,0,0.0000000000
Tue May 04 10:10:57 2021,YELLOW,161,69,30,0,0.0000000000
Tue May 04 10:10:57 2021,YELLOW,163,75,30,0,0.0000000000
Tue May 04 10:10:57 2021,YELLOW,165,81,30,0,0.0000000000
Tue May 04 10:10:57 2021,YELLOW,167,87,30,0,0.0000000000
Tue May 04 10:10:57 2021,YELLOW,169,93,30,0,0.0000000000
Tue May 04 10:10:57 2021,YELLOW,171,99,30,0,0.0000000000
Tue May 04 10:10:57 2021,YELLOW,173,105,30,0,0.0000000000
Tue May 04 10:10:57 2021,YELLOW,175,111,30,0,0.0000000000
Tue May 04 10:10:57 2021,YELLOW,177,117,30,0,0.0000000000
Tue May 04 10:10:57 2021,YELLOW,179,123,30,0,0.0000000000
Tue May 04 10:10:57 2021,YELLOW,181,129,30,0,0.0000000000
Tue May 04 10:10:57 2021,YELLOW,183,135,30,0,0.0000000000
Tue May 04 10:10:58 2021,YELLOW,185,141,30,0,0.0000000000
Tue May 04 10:10:58 2021,YELLOW,187,147,30,0,0.0000000000
Tue May 04 10:10:58 2021,YELLOW,189,153,30,0,0.0000000000
Tue May 04 10:10:58 2021,YELLOW,191,159,30,0,0.0000000000
Tue May 04 10:10:58 2021,YELLOW,193,165,30,0,0.0000000000
Tue May 04 10:10:58 2021,YELLOW,195,171,30,0,0.0000000000
Tue May 04 10:10:58 2021,YELLOW,197,177,30,0,0.0000000000
Tue May 04 10:10:58 2021,YELLOW,199,183,30,0,0.0000000000
Tue May 04 10:10:58 2021,YELLOW,201,189,30,0,0.0000000000
Tue May 04 10:10:58 2021,YELLOW,203,195,30,0,0.0000000000
Tue May 04 10:10:58 2021,YELLOW,205,201,30,0,0.0000000000
Tue May 04 10:10:58 2021,YELLOW,207,207,30,0,0.0000000000
Tue May 04 10:10:58 2021,YELLOW,209,213,30,0,0.0000000000
Tue May 04 10:10:58 2021,YELLOW,211,219,30,0,0.0000000000
Tue May 04 10:10:58 2021,YELLOW,213,225,30,0,0.0000000000
Tue May 04 10:10:58 2021,YELLOW,215,231,30,0,0.0000000000
Tue May 04 10:10:59 2021,YELLOW,217,237,30,0,0.0000000000
Tue May 04 10:10:59 2021,YELLOW,219,243,30,0,0.0000000000
Tue May 04 10:10:59 2021,YELLOW,220,249,30,0,0.0000000000
Tue May 04 10:10:59 2021,YELLOW,218,250,30,0,0.0000000000
Tue May 04 10:10:59 2021,YELLOW,216,244,30,0,0.0000000000
Tue May 04 10:10:59 2021,YELLOW,214,238,30,0,0.0000000000
Tue May 04 10:10:59 2021,YELLOW,212,232,30,0,0.0000000000
Tue May 04 10:10:59 2021,YELLOW,210,226,30,0,0.0000000000
Tue May 04 10:10:59 2021,YELLOW,208,220,30,0,0.0000000000
Tue May 04 10:10:59 2021,YELLOW,206,214,30,0,0.0000000000
Tue May 04 10:10:59 2021,YELLOW,204,208,30,0,0.0000000000
Tue May 04 10:10:59 2021,YELLOW,202,202,30,0,0.0000000000
Tue May 04 10:10:59 2021,YELLOW,200,196,30,0,0.0000000000
Tue May 04 10:10:59 2021,YELLOW,198,190,30,0,0.0000000000
Tue May 04 10:10:59 2021,YELLOW,196,184,30,0,0.0000000000
Tue May 04 10:10:59 2021,YELLOW,194,178,30,0,0.0000000000
Tue May 04 10:11:00 2021,YELLOW,192,172,30,0,0.0000000000
Tue May 04 10:11:00 2021,YELLOW,190,166,30,0,0.0000000000
Tue May 04 10:11:00 2021,YELLOW,188,160,30,0,0.0000000000
Tue May 04 10:11:00 2021,YELLOW,186,154,30,0,0.0000000000
Tue May 04 10:11:00 2021,YELLOW,184,148,30,0,0.0000000000
Tue May 04 10:11:00 2021,YELLOW,182,142,30,0,0.0000000000
Tue May 04 10:11:00 2021,YELLOW,180,136,30,0,0.0000000000
Tue May 04 10:11:00 2021,YELLOW,178,130,30,0,0.0000000000
Tue May 04 10:11:00 2021,YELLOW,176,124,30,0,0.0000000000
Tue May 04 10:11:00 2021,YELLOW,174,118,30,0,0.0000000000
Tue May 04 10:11:00 2021,YELLOW,172,112,30,0,0.0000000000
Tue May 04 10:11:00 2021,YELLOW,170,106,30,0,0.0000000000
Tue May 04 10:11:00 2021,YELLOW,168,100,30,0,0.0000000000
Tue May 04 10:11:00 2021,YELLOW,166,94,30,0,0.0000000000
Tue May 04 10:11:00 2021,YELLOW,164,88,30,0,0.0000000000
Tue May 04 10:11:00 2021,YELLOW,162,82,30,0,0.0000000000
Tue May 04 10:11:01 2021,YELLOW,160,76,30,0,0.0000000000
Tue May 04 10:11:01 2021,YELLOW,158,70,30,0,0.0000000000
Tue May 04 10:11:01 2021,YELLOW,156,64,30,0,0.0000000000
Tue May 04 10:11:01 2021,YELLOW,154,58,30,0,0.0000000000
Tue May 04 10:11:01 2021,YELLOW,152,52,30,0,0.0000000000
Tue May 04 10:11:01 2021,YELLOW,150,46,30,0,0.0000000000
Tue May 04 10:11:01 2021,YELLOW,148,40,30,0,0.0000000000
Tue May 04 10:11:01 2021,YELLOW,146,34,30,0,0.0000000000
Tue May 04 10:11:01 2021,YELLOW,144,28,30,0,0.0000000000
Tue May 04 10:11:01 2021,YELLOW,142,22,30,0,0.0000000000
Tue May 04 10:11:01 2021,YELLOW,140,16,30,0,0.0000000000
Tue May 04 10:11:01 2021,YELLOW,138,15,30,0,0.0000000000
Tue May 04 10:11:01 2021,YELLOW,136,21,30,0,0.0000000000
Tue May 04 10:11:01 2021,YELLOW,134,27,30,0,0.0000000000
Tue May 04 10:11:01 2021,YELLOW,132,33,30,0,0.0000000000
Tue May 04 10:11:01 2021,YELLOW,130,39,30,0,0.0000000000
Tue May 04 10:11:02 2021,YELLOW,128,45,30,0,0.0000000000
Tue May 04 10:11:02 2021,YELLOW,126,51,30,0,0.0000000000
Tue May 04 10:11:02 2021,YELLOW,124,57,30,0,0.0000000000
Tue May 04 10:11:02 2021,YELLOW,122,63,30,0,0.0000000000
Tue May 04 10:11:02 2021,YELLOW,120,69,30,0,0.0000000000
Tue May 04 10:11:02 2021,YELLOW,118,75,30,0,0.0000000000
Tue May 04 10:11:02 2021,YELLOW,116,81,30,0,0.0000000000
Tue May 04 10:11:02 2021,YELLOW,114,87,30,0,0.0000000000
Tue May 04 10:11:02 2021,YELLOW,112,93,30,0,0.0000000000
Tue May 04 10:11:02 2021,YELLOW,110,99,30,0,0.0000000000
Tue May 04 10:11:02 2021,YELLOW,108,105,30,0,0.0000000000
Tue May 04 10:11:02 2021,YELLOW,106,111,30,0,0.0000000000
Tue May 04 10:11:02 2021,YELLOW,104,117,30,0,0.0000000000
Tue May 04 10:11:02 2021,YELLOW,102,123,30,0,0.0000000000
Tue May 04 10:11:02 2021,YELLOW,100,129,30,0,0.0000000000
Tue May 04 10:11:02 2021,YELLOW,98,135,30,0,0.0000000000
Tue May 04 10:11:03 2021,YELLOW,96,141,30,0,0.0000000000
Tue May 04 10:11:03 2021,YELLOW,94,147,30,0,0.0000000000
Tue May 04 10:11:03 2021,YELLOW,92,153,30,0,0.0000000000
Tue May 04 10:11:03 2021,YELLOW,90,159,30,0,0.0000000000
Tue May 04 10:11:03 2021,YELLOW,88,165,30,0,0.0000000000
Tue May 04 10:11:03 2021,YELLOW,86,171,30,0,0.0000000000
Tue May 04 10:11:03 2021,YELLOW,84,177,30,0,0.0000000000
Tue May 04 10:11:03 2021,YELLOW,82,183,30,0,0.0000000000
Tue May 04 10:11:03 2021,YELLOW,80,189,30,0,0.0000000000
Tue May 04 10:11:03 2021,YELLOW,78,195,30,0,0.0000000000
Tue May 04 10:11:03 2021,YELLOW,76,201,30,0,0.0000000000
Tue May 04 10:11:03 2021,YELLOW,74,207,30,0,0.0000000000
Tue May 04 10:11:03 2021,YELLOW,72,213,30,0,0.0000000000
Tue May 04 10:11:03 2021,YELLOW,70,219,30,0,0.0000000000
Tue May 04 10:11:03 2021,YELLOW,68,225,30,0,0.0000000000
Tue May 04 10:11:03 2021,YELLOW,66,231,30,0,0.0000000000
Tue May 04 10:11:04 2021,YELLOW,64,237,30,0,0.0000000000
Tue May 04 10:11:04 2021,YELLOW,62,243,30,0,0.0000000000
Tue May 04 10:11:04 2021,YELLOW,60,249,30,0,0.0000000000
Tue May 04 10:11:04 2021,YELLOW,58,250,30,0,0.0000000000
Tue May 04 10:11:04 2021,YELLOW,56,244,30,0,0.0000000000
Tue May 04 10:11:04 2021,YELLOW,54,238,30,0,0.0000000000
Tue May 04 10:11:04 2021,YELLOW,52,232,30,0,0.0000000000
Tue May 04 10:11:04 2021,YELLOW,50,226,30,0,0.0000000000
Tue May 04 10:11:04 2021,YELLOW,48,220,30,0,0.0000000000
Tue May 04 10:11:04 2021,YELLOW,46,214,30,0,0.0000000000
Tue May 04 10:11:04 2021,YELLOW,44,208,30,0,0.0000000000
Tue May 04 10:11:04 2021,YELLOW,42,202,30,0,0.0000000000
Tue May 04 10:11:04 2021,YELLOW,40,196,30,0,0.0000000000
Tue May 04 10:11:04 2021,YELLOW,38,190,30,0,0.0000000000
Tue May 04 10:11:04 2021,YELLOW,36,184,30,0,0.0000000000
Tue May 04 10:11:04 2021,YELLOW,34,178,30,0,0.0000000000
Tue May 04 10:11:05 2021,YELLOW,32,172,30,0,0.0000000000
Tue May 04 10:11:05 2021,YELLOW,30,166,30,0,0.0000000000
Tue May 04 10:11:05 2021,YELLOW,28,160,30,0,0.0000000000
Tue May 04 10:11:05 2021,YELLOW,26,154,30,0,0.0000000000
Tue May 04 10:11:05 2021,YELLOW,24,148,30,0,0.0000000000
Tue May 04 10:11:05 2021,YELLOW,22,142,30,0,0.0000000000
Tue May 04 10:11:05 2021,YELLOW,20,136,30,0,0.0000000000
Tue May 04 10:11:05 2021,YELLOW,18,130,30,0,0.0000000000
Tue May 04 10:11:05 2021,YELLOW,16,124,30,0,0.0000000000
Tue May 04 10:11:05 2021,YELLOW,15,118,30,0,0.0000000000
Tue May 04 10:11:05 2021,YELLOW,17,112,30,0,0.0000000000
Tue May 04 10:11:05 2021,YELLOW,19,106,30,0,0.0000000000
Tue May 04 10:11:05 2021,YELLOW,21,100,30,0,0.0000000000
Tue May 04 10:11:05 2021,YELLOW,23,94,30,0,0.0000000000
Tue May 04 10:11:05 2021,YELLOW,25,88,30,0,0.0000000000
Tue May 04 10:11:05 2021,YELLOW,27,82,30,0,0.0000000000
Tue May 04 10:11:06 2021,YELLOW,29,76,30,0,0.0000000000
Tue May 04 10:11:06 2021,YELLOW,31,70,30,0,0.0000000000
Tue May 04 10:11:06 2021,YELLOW,33,64,30,0,0.0000000000
Tue May 04 10:11:06 2021,YELLOW,35,58,30,0,0.0000000000
Tue May 04 10:11:06 2021,YELLOW,37,52,30,0,0.0000000000
Tue May 04 10:11:06 2021,YELLOW,39,46,30,0,0.0000000000
Tue May 04 10:11:06 2021,YELLOW,41,40,30,0,0.0000000000
Tue May 04 10:11:06 2021,YELLOW,43,34,30,0,0.0000000000
Tue May 04 10:11:06 2021,YELLOW,45,28,30,0,0.0000000000
Tue May 04 10:11:06 2021,YELLOW,47,22,30,0,0.0000000000
Tue May 04 10:11:06 2021,YELLOW,49,16,30,0,0.0000000000
Tue May 04 10:11:06 2021,YELLOW,51,15,30,0,0.0000000000
Tue May 04 10:11:06 2021,YELLOW,53,21,30,0,0.0000000000
Tue May 04 10:11:06 2021,YELLOW,55,27,30,0,0.0000000000
Tue May 04 10:11:06 2021,YELLOW,57,33,30,0,0.0000000000
Tue May 04 10:11:06 2021,YELLOW,59,39,30,0,0.0000000000
Tue May 04 10:11:07 2021,YELLOW,61,45,30,0,0.0000000000
Tue May 04 10:11:07 2021,YELLOW,63,51,30,0,0.0000000000
Tue May 04 10:11:07 2021,YELLOW,65,57,30,0,0.0000000000
Tue May 04 10:11:07 2021,YELLOW,67,63,30,0,0.0000000000
Tue May 04 10:11:07 2021,YELLOW,69,69,30,0,0.0000000000
Tue May 04 10:11:07 2021,YELLOW,71,75,30,0,0.0000000000
Tue May 04 10:11:07 2021,YELLOW,73,81,30,0,0.0000000000
Tue May 04 10:11:07 2021,YELLOW,75,87,30,0,0.0000000000
Tue May 04 10:11:07 2021,YELLOW,77,93,30,0,0.0000000000
Tue May 04 10:11:07 2021,YELLOW,79,99,30,0,0.0000000000
Tue May 04 10:11:07 2021,YELLOW,81,105,30,0,0.0000000000
Tue May 04 10:11:07 2021,YELLOW,83,111,30,0,0.0000000000
Tue May 04 10:11:07 2021,YELLOW,85,117,30,0,0.0000000000
Tue May 04 10:11:07 2021,YELLOW,87,123,30,0,0.0000000000
Tue May 04 10:11:07 2021,YELLOW,89,129,30,0,0.0000000000
Tue May 04 10:11:08 2021,YELLOW,91,135,30,0,0.0000000000
Tue May 04 10:11:08 2021,YELLOW,93,141,30,0,0.0000000000
Tue May 04 10:11:08 2021,YELLOW,95,147,30,0,0.0000000000
Tue May 04 10:11:08 2021,YELLOW,97,153,30,0,0.0000000000
Tue May 04 10:11:08 2021,YELLOW,99,159,30,0,0.0000000000
Tue May 04 10:11:08 2021,YELLOW,101,165,30,0,0.0000000000
Tue May 04 10:11:08 2021,YELLOW,103,171,30,0,0.0000000000
Tue May 04 10:11:08 2021,YELLOW,105,177,30,0,0.0000000000
Tue May 04 10:11:08 2021,YELLOW,107,183,30,0,0.0000000000
Tue May 04 10:11:08 2021,YELLOW,109,189,30,0,0.0000000000
Tue May 04 10:11:08 2021,YELLOW,111,195,30,0,0.0000000000
Tue May 04 10:11:08 2021,YELLOW,113,201,30,0,0.0000000000
Tue May 04 10:11:08 2021,YELLOW,115,207,30,0,0.0000000000
Tue May 04 10:11:08 2021,YELLOW,117,213,30,0,0.0000000000
Tue May 04 10:11:08 2021,YELLOW,119,219,30,0,0.0000000000
Tue May 04 10:11:08 2021,YELLOW,121,225,30,0,0.0000000000
Tue May 04 10:11:09 2021,YELLOW,123,231,30,0,0.0000000000
Tue May 04 10:11:09 2021,YELLOW,125,237,30,0,0.0000000000
Tue May 04 10:11:09 2021,YELLOW,127,243,30,0,0.0000000000
Tue May 04 10:11:09 2021,YELLOW,129,249,30,0,0.0000000000
Tue May 04 10:11:09 2021,YELLOW,131,250,30,0,0.0000000000
Tue May 04 10:11:09 2021,YELLOW,133,244,30,0,0.0000000000
Tue May 04 10:11:09 2021,YELLOW,135,238,30,0,0.0000000000
Tue May 04 10:11:09 2021,YELLOW,137,232,30,0,0.0000000000
Tue May 04 10:11:09 2021,YELLOW,139,226,30,0,0.0000000000
Tue May 04 10:11:09 2021,YELLOW,141,220,30,0,0.0000000000
Tue May 04 10:11:09 2021,YELLOW,143,214,30,0,0.0000000000
Tue May 04 10:11:09 2021,YELLOW,145,208,30,0,0.0000000000
Tue May 04 10:11:09 2021,YELLOW,147,202,30,0,0.0000000000
Tue May 04 10:11:09 2021,YELLOW,149,196,30,0,0.0000000000
Tue May 04 10:11:09 2021,YELLOW,151,190,30,0,0.0000000000
Tue May 04 10:11:09 2021,YELLOW,153,184,30,0,0.0000000000
Tue May 04 10:11:10 2021,YELLOW,155,178,30,0,0.0000000000
Tue May 04 10:11:10 2021,YELLOW,157,172,30,0,0.0000000000
Tue May 04 10:11:10 2021,YELLOW,159,166,30,0,0.0000000000
Tue May 04 10:11:10 2021,YELLOW,161,160,30,0,0.0000000000
Tue May 04 10:11:10 2021,YELLOW,163,154,30,0,0.0000000000
Tue May 04 10:11:10 2021,YELLOW,165,148,30,0,0.0000000000
Tue May 04 10:11:10 2021,YELLOW,167,142,30,0,0.0000000000
Tue May 04 10:11:10 2021,YELLOW,169,136,30,0,0.0000000000
Tue May 04 10:11:10 2021,YELLOW,171,130,30,0,0.0000000000
Tue May 04 10:11:10 2021,YELLOW,173,124,30,0,0.0000000000
