Table Name: Square$RecordAll$domain0, Topic Name: Square
Timestamp,color,x,y,shapesize,fillKind,angle
Tue May 04 10:10:38 2021,RED,55,15,30,0,0.0000000000
Tue May 04 10:10:38 2021,GREEN,119,187,30,0,0.0000000000
Tue May 04 10:10:38 2021,RED,52,15,30,0,0.0000000000
Tue May 04 10:10:38 2021,GREEN,121,189,30,0,0.0000000000
Tue May 04 10:10:38 2021,RED,49,20,30,0,0.0000000000
Tue May 04 10:10:38 2021,GREEN,123,191,30,0,0.0000000000
Tue May 04 10:10:38 2021,RED,46,25,30,0,0.0000000000
Tue May 04 10:10:38 2021,GREEN,125,193,30,0,0.0000000000
Tue May 04 10:10:38 2021,RED,43,30,30,0,0.0000000000
Tue May 04 10:10:38 2021,GREEN,127,195,30,0,0.0000000000
Tue May 04 10:10:38 2021,RED,40,35,30,0,0.0000000000
Tue May 04 10:10:38 2021,GREEN,129,197,30,0,0.0000000000
Tue May 04 10:10:38 2021,RED,37,40,30,0,0.0000000000
Tue May 04 10:10:38 2021,GREEN,131,199,30,0,0.0000000000
Tue May 04 10:10:38 2021,RED,34,45,30,0,0.0000000000
Tue May 04 10:10:38 2021,GREEN,133,201,30,0,0.0000000000
Tue May 04 10:10:38 2021,RED,31,50,30,0,0.0000000000
Tue May 04 10:10:38 2021,GREEN,135,203,30,0,0.0000000000
Tue May 04 10:10:38 2021,RED,28,55,30,0,0.0000000000
Tue May 04 10:10:38 2021,GREEN,137,205,30,0,0.0000000000
Tue May 04 10:10:38 2021,RED,25,60,30,0,0.0000000000
Tue May 04 10:10:38 2021,GREEN,139,207,30,0,0.0000000000
Tue May 04 10:10:38 2021,RED,22,65,30,0,0.0000000000
Tue May 04 10:10:38 2021,GREEN,141,209,30,0,0.0000000000
Tue May 04 10:10:38 2021,RED,19,70,30,0,0.0000000000
Tue May 04 10:10:38 2021,GREEN,143,211,30,0,0.0000000000
Tue May 04 10:10:38 2021,RED,16,75,30,0,0.0000000000
Tue May 04 10:10:38 2021,GREEN,145,213,30,0,0.0000000000
Tue May 04 10:10:39 2021,RED,15,80,30,0,0.0000000000
Tue May 04 10:10:39 2021,GREEN,147,215,30,0,0.0000000000
Tue May 04 10:10:39 2021,RED,18,85,30,0,0.0000000000
Tue May 04 10:10:39 2021,GREEN,149,217,30,0,0.0000000000
Tue May 04 10:10:39 2021,RED,21,90,30,0,0.0000000000
Tue May 04 10:10:39 2021,GREEN,151,219,30,0,0.0000000000
Tue May 04 10:10:39 2021,RED,24,95,30,0,0.0000000000
Tue May 04 10:10:39 2021,GREEN,153,221,30,0,0.0000000000
Tue May 04 10:10:39 2021,RED,27,100,30,0,0.0000000000
Tue May 04 10:10:39 2021,GREEN,155,223,30,0,0.0000000000
Tue May 04 10:10:39 2021,RED,30,105,30,0,0.0000000000
Tue May 04 10:10:39 2021,GREEN,157,225,30,0,0.0000000000
Tue May 04 10:10:39 2021,RED,33,110,30,0,0.0000000000
Tue May 04 10:10:39 2021,GREEN,159,227,30,0,0.0000000000
Tue May 04 10:10:39 2021,RED,36,115,30,0,0.0000000000
Tue May 04 10:10:39 2021,GREEN,161,229,30,0,0.0000000000
Tue May 04 10:10:39 2021,RED,39,120,30,0,0.0000000000
Tue May 04 10:10:39 2021,GREEN,163,231,30,0,0.0000000000
Tue May 04 10:10:39 2021,RED,42,125,30,0,0.0000000000
Tue May 04 10:10:39 2021,GREEN,165,233,30,0,0.0000000000
Tue May 04 10:10:39 2021,RED,45,130,30,0,0.0000000000
Tue May 04 10:10:39 2021,GREEN,167,235,30,0,0.0000000000
Tue May 04 10:10:39 2021,RED,48,135,30,0,0.0000000000
Tue May 04 10:10:39 2021,GREEN,169,237,30,0,0.0000000000
Tue May 04 10:10:39 2021,RED,51,140,30,0,0.0000000000
Tue May 04 10:10:39 2021,GREEN,171,239,30,0,0.0000000000
Tue May 04 10:10:39 2021,RED,54,145,30,0,0.0000000000
Tue May 04 10:10:39 2021,GREEN,173,241,30,0,0.0000000000
Tue May 04 10:10:39 2021,RED,57,150,30,0,0.0000000000
Tue May 04 10:10:39 2021,GREEN,175,243,30,0,0.0000000000
Tue May 04 10:10:39 2021,RED,60,155,30,0,0.0000000000
Tue May 04 10:10:39 2021,GREEN,177,245,30,0,0.0000000000
Tue May 04 10:10:40 2021,RED,63,160,30,0,0.0000000000
Tue May 04 10:10:40 2021,GREEN,179,247,30,0,0.0000000000
Tue May 04 10:10:40 2021,RED,66,165,30,0,0.0000000000
Tue May 04 10:10:40 2021,GREEN,181,249,30,0,0.0000000000
Tue May 04 10:10:40 2021,RED,69,170,30,0,0.0000000000
Tue May 04 10:10:40 2021,GREEN,183,250,30,0,0.0000000000
Tue May 04 10:10:40 2021,RED,72,175,30,0,0.0000000000
Tue May 04 10:10:40 2021,GREEN,185,248,30,0,0.0000000000
Tue May 04 10:10:40 2021,RED,75,180,30,0,0.0000000000
Tue May 04 10:10:40 2021,GREEN,187,246,30,0,0.0000000000
Tue May 04 10:10:40 2021,RED,78,185,30,0,0.0000000000
Tue May 04 10:10:40 2021,GREEN,189,244,30,0,0.0000000000
Tue May 04 10:10:40 2021,RED,81,190,30,0,0.0000000000
Tue May 04 10:10:40 2021,GREEN,191,242,30,0,0.0000000000
Tue May 04 10:10:40 2021,RED,84,195,30,0,0.0000000000
Tue May 04 10:10:40 2021,GREEN,193,240,30,0,0.0000000000
Tue May 04 10:10:40 2021,RED,87,200,30,0,0.0000000000
Tue May 04 10:10:40 2021,GREEN,195,238,30,0,0.0000000000
Tue May 04 10:10:40 2021,RED,90,205,30,0,0.0000000000
Tue May 04 10:10:40 2021,GREEN,197,236,30,0,0.0000000000
Tue May 04 10:10:40 2021,RED,93,210,30,0,0.0000000000
Tue May 04 10:10:40 2021,GREEN,199,234,30,0,0.0000000000
Tue May 04 10:10:40 2021,RED,96,215,30,0,0.0000000000
Tue May 04 10:10:40 2021,GREEN,201,232,30,0,0.0000000000
Tue May 04 10:10:40 2021,RED,99,220,30,0,0.0000000000
Tue May 04 10:10:40 2021,GREEN,203,230,30,0,0.0000000000
Tue May 04 10:10:40 2021,RED,102,225,30,0,0.0000000000
Tue May 04 10:10:40 2021,GREEN,205,228,30,0,0.0000000000
Tue May 04 10:10:40 2021,RED,105,230,30,0,0.0000000000
Tue May 04 10:10:40 2021,GREEN,207,226,30,0,0.0000000000
Tue May 04 10:10:40 2021,RED,108,235,30,0,0.0000000000
Tue May 04 10:10:40 2021,GREEN,209,224,30,0,0.0000000000
Tue May 04 10:10:41 2021,RED,111,240,30,0,0.0000000000
Tue May 04 10:10:41 2021,GREEN,211,222,30,0,0.0000000000
Tue May 04 10:10:41 2021,RED,114,245,30,0,0.0000000000
Tue May 04 10:10:41 2021,GREEN,213,220,30,0,0.0000000000
Tue May 04 10:10:41 2021,RED,117,250,30,0,0.0000000000
Tue May 04 10:10:41 2021,GREEN,215,218,30,0,0.0000000000
Tue May 04 10:10:41 2021,RED,120,250,30,0,0.0000000000
Tue May 04 10:10:41 2021,GREEN,217,216,30,0,0.0000000000
Tue May 04 10:10:41 2021,RED,123,245,30,0,0.0000000000
Tue May 04 10:10:41 2021,GREEN,219,214,30,0,0.0000000000
Tue May 04 10:10:41 2021,RED,126,240,30,0,0.0000000000
Tue May 04 10:10:41 2021,GREEN,220,212,30,0,0.0000000000
Tue May 04 10:10:41 2021,RED,129,235,30,0,0.0000000000
Tue May 04 10:10:41 2021,GREEN,218,210,30,0,0.0000000000
Tue May 04 10:10:41 2021,RED,132,230,30,0,0.0000000000
Tue May 04 10:10:41 2021,GREEN,216,208,30,0,0.0000000000
Tue May 04 10:10:41 2021,RED,135,225,30,0,0.0000000000
Tue May 04 10:10:41 2021,GREEN,214,206,30,0,0.0000000000
Tue May 04 10:10:41 2021,RED,138,220,30,0,0.0000000000
Tue May 04 10:10:41 2021,GREEN,212,204,30,0,0.0000000000
Tue May 04 10:10:41 2021,RED,141,215,30,0,0.0000000000
Tue May 04 10:10:41 2021,GREEN,210,202,30,0,0.0000000000
Tue May 04 10:10:41 2021,RED,144,210,30,0,0.0000000000
Tue May 04 10:10:41 2021,GREEN,208,200,30,0,0.0000000000
Tue May 04 10:10:41 2021,RED,147,205,30,0,0.0000000000
Tue May 04 10:10:41 2021,GREEN,206,198,30,0,0.0000000000
Tue May 04 10:10:41 2021,RED,150,200,30,0,0.0000000000
Tue May 04 10:10:41 2021,GREEN,204,196,30,0,0.0000000000
Tue May 04 10:10:41 2021,RED,153,195,30,0,0.0000000000
Tue May 04 10:10:41 2021,GREEN,202,194,30,0,0.0000000000
Tue May 04 10:10:41 2021,RED,156,190,30,0,0.0000000000
Tue May 04 10:10:41 2021,GREEN,200,192,30,0,0.0000000000
Tue May 04 10:10:42 2021,RED,159,185,30,0,0.0000000000
Tue May 04 10:10:42 2021,GREEN,198,190,30,0,0.0000000000
Tue May 04 10:10:42 2021,RED,162,180,30,0,0.0000000000
Tue May 04 10:10:42 2021,GREEN,196,188,30,0,0.0000000000
Tue May 04 10:10:42 2021,RED,165,175,30,0,0.0000000000
Tue May 04 10:10:42 2021,GREEN,194,186,30,0,0.0000000000
Tue May 04 10:10:42 2021,RED,168,170,30,0,0.0000000000
Tue May 04 10:10:42 2021,GREEN,192,184,30,0,0.0000000000
Tue May 04 10:10:42 2021,RED,171,165,30,0,0.0000000000
Tue May 04 10:10:42 2021,GREEN,190,182,30,0,0.0000000000
Tue May 04 10:10:42 2021,RED,174,160,30,0,0.0000000000
Tue May 04 10:10:42 2021,GREEN,188,180,30,0,0.0000000000
Tue May 04 10:10:42 2021,RED,177,155,30,0,0.0000000000
Tue May 04 10:10:42 2021,GREEN,186,178,30,0,0.0000000000
Tue May 04 10:10:42 2021,RED,180,150,30,0,0.0000000000
Tue May 04 10:10:42 2021,GREEN,184,176,30,0,0.0000000000
Tue May 04 10:10:42 2021,RED,183,145,30,0,0.0000000000
Tue May 04 10:10:42 2021,GREEN,182,174,30,0,0.0000000000
Tue May 04 10:10:42 2021,RED,186,140,30,0,0.0000000000
Tue May 04 10:10:42 2021,GREEN,180,172,30,0,0.0000000000
Tue May 04 10:10:42 2021,RED,189,135,30,0,0.0000000000
Tue May 04 10:10:42 2021,GREEN,178,170,30,0,0.0000000000
Tue May 04 10:10:42 2021,RED,192,130,30,0,0.0000000000
Tue May 04 10:10:42 2021,GREEN,176,168,30,0,0.0000000000
Tue May 04 10:10:42 2021,RED,195,125,30,0,0.0000000000
Tue May 04 10:10:42 2021,GREEN,174,166,30,0,0.0000000000
Tue May 04 10:10:42 2021,RED,198,120,30,0,0.0000000000
Tue May 04 10:10:42 2021,GREEN,172,164,30,0,0.0000000000
Tue May 04 10:10:42 2021,RED,201,115,30,0,0.0000000000
Tue May 04 10:10:42 2021,GREEN,170,162,30,0,0.0000000000
Tue May 04 10:10:42 2021,RED,204,110,30,0,0.0000000000
Tue May 04 10:10:42 2021,GREEN,168,160,30,0,0.0000000000
Tue May 04 10:10:43 2021,RED,207,105,30,0,0.0000000000
Tue May 04 10:10:43 2021,GREEN,166,158,30,0,0.0000000000
Tue May 04 10:10:43 2021,RED,210,100,30,0,0.0000000000
Tue May 04 10:10:43 2021,GREEN,164,156,30,0,0.0000000000
Tue May 04 10:10:43 2021,RED,213,95,30,0,0.0000000000
Tue May 04 10:10:43 2021,GREEN,162,154,30,0,0.0000000000
Tue May 04 10:10:43 2021,RED,216,90,30,0,0.0000000000
Tue May 04 10:10:43 2021,GREEN,160,152,30,0,0.0000000000
Tue May 04 10:10:43 2021,RED,219,85,30,0,0.0000000000
Tue May 04 10:10:43 2021,GREEN,158,150,30,0,0.0000000000
Tue May 04 10:10:43 2021,RED,220,80,30,0,0.0000000000
Tue May 04 10:10:43 2021,GREEN,156,148,30,0,0.0000000000
Tue May 04 10:10:43 2021,RED,217,75,30,0,0.0000000000
Tue May 04 10:10:43 2021,GREEN,154,146,30,0,0.0000000000
Tue May 04 10:10:43 2021,RED,214,70,30,0,0.0000000000
Tue May 04 10:10:43 2021,GREEN,152,144,30,0,0.0000000000
Tue May 04 10:10:43 2021,RED,211,65,30,0,0.0000000000
Tue May 04 10:10:43 2021,GREEN,150,142,30,0,0.0000000000
Tue May 04 10:10:43 2021,RED,208,60,30,0,0.0000000000
Tue May 04 10:10:43 2021,GREEN,148,140,30,0,0.0000000000
Tue May 04 10:10:43 2021,RED,205,55,30,0,0.0000000000
Tue May 04 10:10:43 2021,GREEN,146,138,30,0,0.0000000000
Tue May 04 10:10:43 2021,RED,202,50,30,0,0.0000000000
Tue May 04 10:10:43 2021,GREEN,144,136,30,0,0.0000000000
Tue May 04 10:10:43 2021,RED,199,45,30,0,0.0000000000
Tue May 04 10:10:43 2021,GREEN,142,134,30,0,0.0000000000
Tue May 04 10:10:43 2021,RED,196,40,30,0,0.0000000000
Tue May 04 10:10:43 2021,GREEN,140,132,30,0,0.0000000000
Tue May 04 10:10:43 2021,RED,193,35,30,0,0.0000000000
Tue May 04 10:10:43 2021,GREEN,138,130,30,0,0.0000000000
Tue May 04 10:10:43 2021,RED,190,30,30,0,0.0000000000
Tue May 04 10:10:43 2021,GREEN,136,128,30,0,0.0000000000
Tue May 04 10:10:44 2021,RED,187,25,30,0,0.0000000000
Tue May 04 10:10:44 2021,GREEN,134,126,30,0,0.0000000000
Tue May 04 10:10:44 2021,RED,184,20,30,0,0.0000000000
Tue May 04 10:10:44 2021,GREEN,132,124,30,0,0.0000000000
Tue May 04 10:10:44 2021,RED,181,15,30,0,0.0000000000
Tue May 04 10:10:44 2021,GREEN,130,122,30,0,0.0000000000
Tue May 04 10:10:44 2021,RED,178,15,30,0,0.0000000000
Tue May 04 10:10:44 2021,GREEN,128,120,30,0,0.0000000000
Tue May 04 10:10:44 2021,RED,175,20,30,0,0.0000000000
Tue May 04 10:10:44 2021,GREEN,126,118,30,0,0.0000000000
Tue May 04 10:10:44 2021,RED,172,25,30,0,0.0000000000
Tue May 04 10:10:44 2021,GREEN,124,116,30,0,0.0000000000
Tue May 04 10:10:44 2021,RED,169,30,30,0,0.0000000000
Tue May 04 10:10:44 2021,GREEN,122,114,30,0,0.0000000000
Tue May 04 10:10:44 2021,RED,166,35,30,0,0.0000000000
Tue May 04 10:10:44 2021,GREEN,120,112,30,0,0.0000000000
Tue May 04 10:10:44 2021,RED,163,40,30,0,0.0000000000
Tue May 04 10:10:44 2021,GREEN,118,110,30,0,0.0000000000
Tue May 04 10:10:44 2021,RED,160,45,30,0,0.0000000000
Tue May 04 10:10:44 2021,GREEN,116,108,30,0,0.0000000000
Tue May 04 10:10:44 2021,RED,157,50,30,0,0.0000000000
Tue May 04 10:10:44 2021,GREEN,114,106,30,0,0.0000000000
Tue May 04 10:10:44 2021,RED,154,55,30,0,0.0000000000
Tue May 04 10:10:44 2021,GREEN,112,104,30,0,0.0000000000
Tue May 04 10:10:44 2021,RED,151,60,30,0,0.0000000000
Tue May 04 10:10:44 2021,GREEN,110,102,30,0,0.0000000000
Tue May 04 10:10:44 2021,RED,148,65,30,0,0.0000000000
Tue May 04 10:10:44 2021,GREEN,108,100,30,0,0.0000000000
Tue May 04 10:10:44 2021,RED,145,70,30,0,0.0000000000
Tue May 04 10:10:44 2021,GREEN,106,98,30,0,0.0000000000
Tue May 04 10:10:44 2021,RED,142,75,30,0,0.0000000000
Tue May 04 10:10:44 2021,GREEN,104,96,30,0,0.0000000000
Tue May 04 10:10:45 2021,RED,139,80,30,0,0.0000000000
Tue May 04 10:10:45 2021,GREEN,102,94,30,0,0.0000000000
Tue May 04 10:10:45 2021,RED,136,85,30,0,0.0000000000
Tue May 04 10:10:45 2021,GREEN,100,92,30,0,0.0000000000
Tue May 04 10:10:45 2021,RED,133,90,30,0,0.0000000000
Tue May 04 10:10:45 2021,GREEN,98,90,30,0,0.0000000000
Tue May 04 10:10:45 2021,RED,130,95,30,0,0.0000000000
Tue May 04 10:10:45 2021,GREEN,96,88,30,0,0.0000000000
Tue May 04 10:10:45 2021,RED,127,100,30,0,0.0000000000
Tue May 04 10:10:45 2021,GREEN,94,86,30,0,0.0000000000
Tue May 04 10:10:45 2021,RED,124,105,30,0,0.0000000000
Tue May 04 10:10:45 2021,GREEN,92,84,30,0,0.0000000000
Tue May 04 10:10:45 2021,RED,121,110,30,0,0.0000000000
Tue May 04 10:10:45 2021,GREEN,90,82,30,0,0.0000000000
Tue May 04 10:10:45 2021,RED,118,115,30,0,0.0000000000
Tue May 04 10:10:45 2021,GREEN,88,80,30,0,0.0000000000
Tue May 04 10:10:45 2021,RED,115,120,30,0,0.0000000000
Tue May 04 10:10:45 2021,GREEN,86,78,30,0,0.0000000000
Tue May 04 10:10:45 2021,RED,112,125,30,0,0.0000000000
Tue May 04 10:10:45 2021,GREEN,84,76,30,0,0.0000000000
Tue May 04 10:10:45 2021,RED,109,130,30,0,0.0000000000
Tue May 04 10:10:45 2021,GREEN,82,74,30,0,0.0000000000
Tue May 04 10:10:45 2021,RED,106,135,30,0,0.0000000000
Tue May 04 10:10:45 2021,GREEN,80,72,30,0,0.0000000000
Tue May 04 10:10:45 2021,RED,103,140,30,0,0.0000000000
Tue May 04 10:10:45 2021,GREEN,78,70,30,0,0.0000000000
Tue May 04 10:10:45 2021,RED,100,145,30,0,0.0000000000
Tue May 04 10:10:45 2021,GREEN,76,68,30,0,0.0000000000
Tue May 04 10:10:45 2021,RED,97,150,30,0,0.0000000000
Tue May 04 10:10:45 2021,GREEN,74,66,30,0,0.0000000000
Tue May 04 10:10:45 2021,RED,94,155,30,0,0.0000000000
Tue May 04 10:10:45 2021,GREEN,72,64,30,0,0.0000000000
Tue May 04 10:10:46 2021,RED,91,160,30,0,0.0000000000
Tue May 04 10:10:46 2021,GREEN,70,62,30,0,0.0000000000
Tue May 04 10:10:46 2021,RED,88,165,30,0,0.0000000000
Tue May 04 10:10:46 2021,GREEN,68,60,30,0,0.0000000000
Tue May 04 10:10:46 2021,RED,85,170,30,0,0.0000000000
Tue May 04 10:10:46 2021,GREEN,66,58,30,0,0.0000000000
Tue May 04 10:10:46 2021,RED,82,175,30,0,0.0000000000
Tue May 04 10:10:46 2021,GREEN,64,56,30,0,0.0000000000
Tue May 04 10:10:46 2021,RED,79,180,30,0,0.0000000000
Tue May 04 10:10:46 2021,GREEN,62,54,30,0,0.0000000000
Tue May 04 10:10:46 2021,RED,76,185,30,0,0.0000000000
Tue May 04 10:10:46 2021,GREEN,60,52,30,0,0.0000000000
Tue May 04 10:10:46 2021,RED,73,190,30,0,0.0000000000
Tue May 04 10:10:46 2021,GREEN,58,50,30,0,0.0000000000
Tue May 04 10:10:46 2021,RED,70,195,30,0,0.0000000000
Tue May 04 10:10:46 2021,GREEN,56,48,30,0,0.0000000000
Tue May 04 10:10:46 2021,RED,67,200,30,0,0.0000000000
Tue May 04 10:10:46 2021,GREEN,54,46,30,0,0.0000000000
Tue May 04 10:10:46 2021,RED,64,205,30,0,0.0000000000
Tue May 04 10:10:46 2021,GREEN,52,44,30,0,0.0000000000
Tue May 04 10:10:46 2021,RED,61,210,30,0,0.0000000000
Tue May 04 10:10:46 2021,GREEN,50,42,30,0,0.0000000000
Tue May 04 10:10:46 2021,RED,58,215,30,0,0.0000000000
Tue May 04 10:10:46 2021,GREEN,48,40,30,0,0.0000000000
Tue May 04 10:10:46 2021,RED,55,220,30,0,0.0000000000
Tue May 04 10:10:46 2021,GREEN,46,38,30,0,0.0000000000
Tue May 04 10:10:46 2021,RED,52,225,30,0,0.0000000000
Tue May 04 10:10:46 2021,GREEN,44,36,30,0,0.0000000000
Tue May 04 10:10:46 2021,RED,49,230,30,0,0.0000000000
Tue May 04 10:10:46 2021,GREEN,42,34,30,0,0.0000000000
Tue May 04 10:10:46 2021,RED,46,235,30,0,0.0000000000
Tue May 04 10:10:46 2021,GREEN,40,32,30,0,0.0000000000
Tue May 04 10:10:47 2021,RED,43,240,30,0,0.0000000000
Tue May 04 10:10:47 2021,GREEN,38,30,30,0,0.0000000000
Tue May 04 10:10:47 2021,RED,40,245,30,0,0.0000000000
Tue May 04 10:10:47 2021,GREEN,36,28,30,0,0.0000000000
Tue May 04 10:10:47 2021,RED,37,250,30,0,0.0000000000
Tue May 04 10:10:47 2021,GREEN,34,26,30,0,0.0000000000
Tue May 04 10:10:47 2021,RED,34,250,30,0,0.0000000000
Tue May 04 10:10:47 2021,GREEN,32,24,30,0,0.0000000000
Tue May 04 10:10:47 2021,RED,31,245,30,0,0.0000000000
Tue May 04 10:10:47 2021,GREEN,30,22,30,0,0.0000000000
Tue May 04 10:10:47 2021,RED,28,240,30,0,0.0000000000
Tue May 04 10:10:47 2021,GREEN,28,20,30,0,0.0000000000
Tue May 04 10:10:47 2021,RED,25,235,30,0,0.0000000000
Tue May 04 10:10:47 2021,GREEN,26,18,30,0,0.0000000000
Tue May 04 10:10:47 2021,RED,22,230,30,0,0.0000000000
Tue May 04 10:10:47 2021,GREEN,24,16,30,0,0.0000000000
Tue May 04 10:10:47 2021,RED,19,225,30,0,0.0000000000
Tue May 04 10:10:47 2021,GREEN,22,15,30,0,0.0000000000
Tue May 04 10:10:47 2021,RED,16,220,30,0,0.0000000000
Tue May 04 10:10:47 2021,GREEN,20,17,30,0,0.0000000000
Tue May 04 10:10:47 2021,RED,15,215,30,0,0.0000000000
Tue May 04 10:10:47 2021,GREEN,18,19,30,0,0.0000000000
Tue May 04 10:10:47 2021,RED,18,210,30,0,0.0000000000
Tue May 04 10:10:47 2021,GREEN,16,21,30,0,0.0000000000
Tue May 04 10:10:47 2021,RED,21,205,30,0,0.0000000000
Tue May 04 10:10:47 2021,GREEN,15,23,30,0,0.0000000000
Tue May 04 10:10:47 2021,RED,24,200,30,0,0.0000000000
Tue May 04 10:10:47 2021,GREEN,17,25,30,0,0.0000000000
Tue May 04 10:10:47 2021,RED,27,195,30,0,0.0000000000
Tue May 04 10:10:47 2021,GREEN,19,27,30,0,0.0000000000
Tue May 04 10:10:47 2021,RED,30,190,30,0,0.0000000000
Tue May 04 10:10:47 2021,GREEN,21,29,30,0,0.0000000000
Tue May 04 10:10:48 2021,RED,33,185,30,0,0.0000000000
Tue May 04 10:10:48 2021,GREEN,23,31,30,0,0.0000000000
Tue May 04 10:10:48 2021,RED,36,180,30,0,0.0000000000
Tue May 04 10:10:48 2021,GREEN,25,33,30,0,0.0000000000
Tue May 04 10:10:48 2021,RED,39,175,30,0,0.0000000000
Tue May 04 10:10:48 2021,GREEN,27,35,30,0,0.0000000000
Tue May 04 10:10:48 2021,RED,42,170,30,0,0.0000000000
Tue May 04 10:10:48 2021,GREEN,29,37,30,0,0.0000000000
Tue May 04 10:10:48 2021,RED,45,165,30,0,0.0000000000
Tue May 04 10:10:48 2021,GREEN,31,39,30,0,0.0000000000
Tue May 04 10:10:48 2021,RED,48,160,30,0,0.0000000000
Tue May 04 10:10:48 2021,GREEN,33,41,30,0,0.0000000000
Tue May 04 10:10:48 2021,RED,51,155,30,0,0.0000000000
Tue May 04 10:10:48 2021,GREEN,35,43,30,0,0.0000000000
Tue May 04 10:10:48 2021,RED,54,150,30,0,0.0000000000
Tue May 04 10:10:48 2021,GREEN,37,45,30,0,0.0000000000
Tue May 04 10:10:48 2021,RED,57,145,30,0,0.0000000000
Tue May 04 10:10:48 2021,GREEN,39,47,30,0,0.0000000000
Tue May 04 10:10:48 2021,RED,60,140,30,0,0.0000000000
Tue May 04 10:10:48 2021,GREEN,41,49,30,0,0.0000000000
Tue May 04 10:10:48 2021,RED,63,135,30,0,0.0000000000
Tue May 04 10:10:48 2021,GREEN,43,51,30,0,0.0000000000
Tue May 04 10:10:48 2021,RED,66,130,30,0,0.0000000000
Tue May 04 10:10:48 2021,GREEN,45,53,30,0,0.0000000000
Tue May 04 10:10:48 2021,RED,69,125,30,0,0.0000000000
Tue May 04 10:10:48 2021,GREEN,47,55,30,0,0.0000000000
Tue May 04 10:10:48 2021,RED,72,120,30,0,0.0000000000
Tue May 04 10:10:48 2021,GREEN,49,57,30,0,0.0000000000
Tue May 04 10:10:48 2021,RED,75,115,30,0,0.0000000000
Tue May 04 10:10:48 2021,GREEN,51,59,30,0,0.0000000000
Tue May 04 10:10:48 2021,RED,78,110,30,0,0.0000000000
Tue May 04 10:10:48 2021,GREEN,53,61,30,0,0.0000000000
Tue May 04 10:10:49 2021,RED,81,105,30,0,0.0000000000
Tue May 04 10:10:49 2021,GREEN,55,63,30,0,0.0000000000
Tue May 04 10:10:49 2021,RED,84,100,30,0,0.0000000000
Tue May 04 10:10:49 2021,GREEN,57,65,30,0,0.0000000000
Tue May 04 10:10:49 2021,RED,87,95,30,0,0.0000000000
Tue May 04 10:10:49 2021,GREEN,59,67,30,0,0.0000000000
Tue May 04 10:10:49 2021,RED,90,90,30,0,0.0000000000
Tue May 04 10:10:49 2021,GREEN,61,69,30,0,0.0000000000
Tue May 04 10:10:49 2021,RED,93,85,30,0,0.0000000000
Tue May 04 10:10:49 2021,GREEN,63,71,30,0,0.0000000000
Tue May 04 10:10:49 2021,RED,96,80,30,0,0.0000000000
Tue May 04 10:10:49 2021,GREEN,65,73,30,0,0.0000000000
Tue May 04 10:10:49 2021,RED,99,75,30,0,0.0000000000
Tue May 04 10:10:49 2021,GREEN,67,75,30,0,0.0000000000
Tue May 04 10:10:49 2021,RED,102,70,30,0,0.0000000000
Tue May 04 10:10:49 2021,GREEN,69,77,30,0,0.0000000000
Tue May 04 10:10:49 2021,RED,105,65,30,0,0.0000000000
Tue May 04 10:10:49 2021,GREEN,71,79,30,0,0.0000000000
Tue May 04 10:10:49 2021,RED,108,60,30,0,0.0000000000
Tue May 04 10:10:49 2021,GREEN,73,81,30,0,0.0000000000
Tue May 04 10:10:49 2021,RED,111,55,30,0,0.0000000000
Tue May 04 10:10:49 2021,GREEN,75,83,30,0,0.0000000000
Tue May 04 10:10:49 2021,RED,114,50,30,0,0.0000000000
Tue May 04 10:10:49 2021,GREEN,77,85,30,0,0.0000000000
Tue May 04 10:10:49 2021,RED,117,45,30,0,0.0000000000
Tue May 04 10:10:49 2021,GREEN,79,87,30,0,0.0000000000
Tue May 04 10:10:49 2021,RED,120,40,30,0,0.0000000000
Tue May 04 10:10:49 2021,GREEN,81,89,30,0,0.0000000000
Tue May 04 10:10:49 2021,RED,123,35,30,0,0.0000000000
Tue May 04 10:10:49 2021,GREEN,83,91,30,0,0.0000000000
Tue May 04 10:10:49 2021,RED,126,30,30,0,0.0000000000
Tue May 04 10:10:49 2021,GREEN,85,93,30,0,0.0000000000
Tue May 04 10:10:50 2021,RED,129,25,30,0,0.0000000000
Tue May 04 10:10:50 2021,GREEN,87,95,30,0,0.0000000000
Tue May 04 10:10:50 2021,RED,132,20,30,0,0.0000000000
Tue May 04 10:10:50 2021,GREEN,89,97,30,0,0.0000000000
Tue May 04 10:10:50 2021,RED,135,15,30,0,0.0000000000
Tue May 04 10:10:50 2021,GREEN,91,99,30,0,0.0000000000
Tue May 04 10:10:50 2021,RED,138,15,30,0,0.0000000000
Tue May 04 10:10:50 2021,GREEN,93,101,30,0,0.0000000000
Tue May 04 10:10:50 2021,RED,141,20,30,0,0.0000000000
Tue May 04 10:10:50 2021,GREEN,95,103,30,0,0.0000000000
Tue May 04 10:10:50 2021,RED,144,25,30,0,0.0000000000
Tue May 04 10:10:50 2021,GREEN,97,105,30,0,0.0000000000
Tue May 04 10:10:50 2021,RED,147,30,30,0,0.0000000000
Tue May 04 10:10:50 2021,GREEN,99,107,30,0,0.0000000000
Tue May 04 10:10:50 2021,RED,150,35,30,0,0.0000000000
Tue May 04 10:10:50 2021,GREEN,101,109,30,0,0.0000000000
Tue May 04 10:10:50 2021,RED,153,40,30,0,0.0000000000
Tue May 04 10:10:50 2021,GREEN,103,111,30,0,0.0000000000
Tue May 04 10:10:50 2021,RED,156,45,30,0,0.0000000000
Tue May 04 10:10:50 2021,GREEN,105,113,30,0,0.0000000000
Tue May 04 10:10:50 2021,RED,159,50,30,0,0.0000000000
Tue May 04 10:10:50 2021,GREEN,107,115,30,0,0.0000000000
Tue May 04 10:10:50 2021,RED,162,55,30,0,0.0000000000
Tue May 04 10:10:50 2021,GREEN,109,117,30,0,0.0000000000
Tue May 04 10:10:50 2021,RED,165,60,30,0,0.0000000000
Tue May 04 10:10:50 2021,GREEN,111,119,30,0,0.0000000000
Tue May 04 10:10:50 2021,RED,168,65,30,0,0.0000000000
Tue May 04 10:10:50 2021,GREEN,113,121,30,0,0.0000000000
Tue May 04 10:10:50 2021,RED,171,70,30,0,0.0000000000
Tue May 04 10:10:50 2021,GREEN,115,123,30,0,0.0000000000
Tue May 04 10:10:50 2021,RED,174,75,30,0,0.0000000000
Tue May 04 10:10:50 2021,GREEN,117,125,30,0,0.0000000000
Tue May 04 10:10:51 2021,RED,177,80,30,0,0.0000000000
Tue May 04 10:10:51 2021,GREEN,119,127,30,0,0.0000000000
Tue May 04 10:10:51 2021,RED,180,85,30,0,0.0000000000
Tue May 04 10:10:51 2021,GREEN,121,129,30,0,0.0000000000
Tue May 04 10:10:51 2021,RED,183,90,30,0,0.0000000000
Tue May 04 10:10:51 2021,GREEN,123,131,30,0,0.0000000000
Tue May 04 10:10:51 2021,RED,186,95,30,0,0.0000000000
Tue May 04 10:10:51 2021,GREEN,125,133,30,0,0.0000000000
Tue May 04 10:10:51 2021,RED,189,100,30,0,0.0000000000
Tue May 04 10:10:51 2021,GREEN,127,135,30,0,0.0000000000
Tue May 04 10:10:51 2021,RED,192,105,30,0,0.0000000000
Tue May 04 10:10:51 2021,GREEN,129,137,30,0,0.0000000000
Tue May 04 10:10:51 2021,RED,195,110,30,0,0.0000000000
Tue May 04 10:10:51 2021,GREEN,131,139,30,0,0.0000000000
Tue May 04 10:10:51 2021,RED,198,115,30,0,0.0000000000
Tue May 04 10:10:51 2021,GREEN,133,141,30,0,0.0000000000
Tue May 04 10:10:51 2021,RED,201,120,30,0,0.0000000000
Tue May 04 10:10:51 2021,GREEN,135,143,30,0,0.0000000000
Tue May 04 10:10:51 2021,RED,204,125,30,0,0.0000000000
Tue May 04 10:10:51 2021,GREEN,137,145,30,0,0.0000000000
Tue May 04 10:10:51 2021,RED,207,130,30,0,0.0000000000
Tue May 04 10:10:51 2021,GREEN,139,147,30,0,0.0000000000
Tue May 04 10:10:51 2021,RED,210,135,30,0,0.0000000000
Tue May 04 10:10:51 2021,GREEN,141,149,30,0,0.0000000000
Tue May 04 10:10:51 2021,RED,213,140,30,0,0.0000000000
Tue May 04 10:10:51 2021,GREEN,143,151,30,0,0.0000000000
Tue May 04 10:10:51 2021,RED,216,145,30,0,0.0000000000
Tue May 04 10:10:51 2021,GREEN,145,153,30,0,0.0000000000
Tue May 04 10:10:51 2021,RED,219,150,30,0,0.0000000000
Tue May 04 10:10:51 2021,GREEN,147,155,30,0,0.0000000000
Tue May 04 10:10:51 2021,RED,220,155,30,0,0.0000000000
Tue May 04 10:10:51 2021,GREEN,149,157,30,0,0.0000000000
Tue May 04 10:10:52 2021,RED,217,160,30,0,0.0000000000
Tue May 04 10:10:52 2021,GREEN,151,159,30,0,0.0000000000
Tue May 04 10:10:52 2021,RED,214,165,30,0,0.0000000000
Tue May 04 10:10:52 2021,GREEN,153,161,30,0,0.0000000000
Tue May 04 10:10:52 2021,RED,211,170,30,0,0.0000000000
Tue May 04 10:10:52 2021,GREEN,155,163,30,0,0.0000000000
Tue May 04 10:10:52 2021,RED,208,175,30,0,0.0000000000
Tue May 04 10:10:52 2021,GREEN,157,165,30,0,0.0000000000
Tue May 04 10:10:52 2021,RED,205,180,30,0,0.0000000000
Tue May 04 10:10:52 2021,GREEN,159,167,30,0,0.0000000000
Tue May 04 10:10:52 2021,RED,202,185,30,0,0.0000000000
Tue May 04 10:10:52 2021,GREEN,161,169,30,0,0.0000000000
Tue May 04 10:10:52 2021,RED,199,190,30,0,0.0000000000
Tue May 04 10:10:52 2021,GREEN,163,171,30,0,0.0000000000
Tue May 04 10:10:52 2021,RED,196,195,30,0,0.0000000000
Tue May 04 10:10:52 2021,GREEN,165,173,30,0,0.0000000000
Tue May 04 10:10:52 2021,RED,193,200,30,0,0.0000000000
Tue May 04 10:10:52 2021,GREEN,167,175,30,0,0.0000000000
Tue May 04 10:10:52 2021,RED,190,205,30,0,0.0000000000
Tue May 04 10:10:52 2021,GREEN,169,177,30,0,0.0000000000
Tue May 04 10:10:52 2021,RED,187,210,30,0,0.0000000000
Tue May 04 10:10:52 2021,GREEN,171,179,30,0,0.0000000000
Tue May 04 10:10:52 2021,RED,184,215,30,0,0.0000000000
Tue May 04 10:10:52 2021,GREEN,173,181,30,0,0.0000000000
Tue May 04 10:10:52 2021,RED,181,220,30,0,0.0000000000
Tue May 04 10:10:52 2021,GREEN,175,183,30,0,0.0000000000
Tue May 04 10:10:52 2021,RED,178,225,30,0,0.0000000000
Tue May 04 10:10:52 2021,GREEN,177,185,30,0,0.0000000000
Tue May 04 10:10:52 2021,RED,175,230,30,0,0.0000000000
Tue May 04 10:10:52 2021,GREEN,179,187,30,0,0.0000000000
Tue May 04 10:10:52 2021,RED,172,235,30,0,0.0000000000
Tue May 04 10:10:52 2021,GREEN,181,189,30,0,0.0000000000
Tue May 04 10:10:53 2021,RED,169,240,30,0,0.0000000000
Tue May 04 10:10:53 2021,GREEN,183,191,30,0,0.0000000000
Tue May 04 10:10:53 2021,RED,166,245,30,0,0.0000000000
Tue May 04 10:10:53 2021,GREEN,185,193,30,0,0.0000000000
Tue May 04 10:10:53 2021,RED,163,250,30,0,0.0000000000
Tue May 04 10:10:53 2021,GREEN,187,195,30,0,0.0000000000
Tue May 04 10:10:53 2021,RED,160,250,30,0,0.0000000000
Tue May 04 10:10:53 2021,GREEN,189,197,30,0,0.0000000000
Tue May 04 10:10:53 2021,RED,157,245,30,0,0.0000000000
Tue May 04 10:10:53 2021,GREEN,191,199,30,0,0.0000000000
Tue May 04 10:10:53 2021,RED,154,240,30,0,0.0000000000
Tue May 04 10:10:53 2021,GREEN,193,201,30,0,0.0000000000
Tue May 04 10:10:53 2021,RED,151,235,30,0,0.0000000000
Tue May 04 10:10:53 2021,GREEN,195,203,30,0,0.0000000000
Tue May 04 10:10:53 2021,RED,148,230,30,0,0.0000000000
Tue May 04 10:10:53 2021,GREEN,197,205,30,0,0.0000000000
Tue May 04 10:10:53 2021,RED,145,225,30,0,0.0000000000
Tue May 04 10:10:53 2021,GREEN,199,207,30,0,0.0000000000
Tue May 04 10:10:53 2021,RED,142,220,30,0,0.0000000000
Tue May 04 10:10:53 2021,GREEN,201,209,30,0,0.0000000000
Tue May 04 10:10:53 2021,RED,139,215,30,0,0.0000000000
Tue May 04 10:10:53 2021,GREEN,203,211,30,0,0.0000000000
Tue May 04 10:10:53 2021,RED,136,210,30,0,0.0000000000
Tue May 04 10:10:53 2021,GREEN,205,213,30,0,0.0000000000
Tue May 04 10:10:53 2021,RED,133,205,30,0,0.0000000000
Tue May 04 10:10:53 2021,GREEN,207,215,30,0,0.0000000000
Tue May 04 10:10:53 2021,RED,130,200,30,0,0.0000000000
Tue May 04 10:10:53 2021,GREEN,209,217,30,0,0.0000000000
Tue May 04 10:10:53 2021,RED,127,195,30,0,0.0000000000
Tue May 04 10:10:53 2021,GREEN,211,219,30,0,0.0000000000
Tue May 04 10:10:53 2021,RED,124,190,30,0,0.0000000000
Tue May 04 10:10:53 2021,GREEN,213,221,30,0,0.0000000000
Tue May 04 10:10:54 2021,RED,121,185,30,0,0.0000000000
Tue May 04 10:10:54 2021,GREEN,215,223,30,0,0.0000000000
Tue May 04 10:10:54 2021,RED,118,180,30,0,0.0000000000
Tue May 04 10:10:54 2021,GREEN,217,225,30,0,0.0000000000
Tue May 04 10:10:54 2021,RED,115,175,30,0,0.0000000000
Tue May 04 10:10:54 2021,GREEN,219,227,30,0,0.0000000000
Tue May 04 10:10:54 2021,RED,112,170,30,0,0.0000000000
Tue May 04 10:10:54 2021,GREEN,220,229,30,0,0.0000000000
Tue May 04 10:10:54 2021,RED,109,165,30,0,0.0000000000
Tue May 04 10:10:54 2021,GREEN,218,231,30,0,0.0000000000
Tue May 04 10:10:54 2021,RED,106,160,30,0,0.0000000000
Tue May 04 10:10:54 2021,GREEN,216,233,30,0,0.0000000000
Tue May 04 10:10:54 2021,RED,103,155,30,0,0.0000000000
Tue May 04 10:10:54 2021,GREEN,214,235,30,0,0.0000000000
Tue May 04 10:10:54 2021,RED,100,150,30,0,0.0000000000
Tue May 04 10:10:54 2021,GREEN,212,237,30,0,0.0000000000
Tue May 04 10:10:54 2021,RED,97,145,30,0,0.0000000000
Tue May 04 10:10:54 2021,GREEN,210,239,30,0,0.0000000000
Tue May 04 10:10:54 2021,RED,94,140,30,0,0.0000000000
Tue May 04 10:10:54 2021,GREEN,208,241,30,0,0.0000000000
Tue May 04 10:10:54 2021,RED,91,135,30,0,0.0000000000
Tue May 04 10:10:54 2021,GREEN,206,243,30,0,0.0000000000
Tue May 04 10:10:54 2021,RED,88,130,30,0,0.0000000000
Tue May 04 10:10:54 2021,GREEN,204,245,30,0,0.0000000000
Tue May 04 10:10:54 2021,RED,85,125,30,0,0.0000000000
Tue May 04 10:10:54 2021,GREEN,202,247,30,0,0.0000000000
Tue May 04 10:10:54 2021,RED,82,120,30,0,0.0000000000
Tue May 04 10:10:54 2021,GREEN,200,249,30,0,0.0000000000
Tue May 04 10:10:54 2021,RED,79,115,30,0,0.0000000000
Tue May 04 10:10:54 2021,GREEN,198,250,30,0,0.0000000000
Tue May 04 10:10:54 2021,RED,76,110,30,0,0.0000000000
Tue May 04 10:10:54 2021,GREEN,196,248,30,0,0.0000000000
Tue May 04 10:10:55 2021,RED,73,105,30,0,0.0000000000
Tue May 04 10:10:55 2021,GREEN,194,246,30,0,0.0000000000
Tue May 04 10:10:55 2021,RED,70,100,30,0,0.0000000000
Tue May 04 10:10:55 2021,GREEN,192,244,30,0,0.0000000000
Tue May 04 10:10:55 2021,RED,67,95,30,0,0.0000000000
Tue May 04 10:10:55 2021,GREEN,190,242,30,0,0.0000000000
Tue May 04 10:10:55 2021,RED,64,90,30,0,0.0000000000
Tue May 04 10:10:55 2021,GREEN,188,240,30,0,0.0000000000
Tue May 04 10:10:55 2021,RED,61,85,30,0,0.0000000000
Tue May 04 10:10:55 2021,GREEN,186,238,30,0,0.0000000000
Tue May 04 10:10:55 2021,RED,58,80,30,0,0.0000000000
Tue May 04 10:10:55 2021,GREEN,184,236,30,0,0.0000000000
Tue May 04 10:10:55 2021,RED,55,75,30,0,0.0000000000
Tue May 04 10:10:55 2021,GREEN,182,234,30,0,0.0000000000
Tue May 04 10:10:55 2021,RED,52,70,30,0,0.0000000000
Tue May 04 10:10:55 2021,GREEN,180,232,30,0,0.0000000000
Tue May 04 10:10:55 2021,RED,49,65,30,0,0.0000000000
Tue May 04 10:10:55 2021,GREEN,178,230,30,0,0.0000000000
Tue May 04 10:10:55 2021,RED,46,60,30,0,0.0000000000
Tue May 04 10:10:55 2021,GREEN,176,228,30,0,0.0000000000
Tue May 04 10:10:55 2021,RED,43,55,30,0,0.0000000000
Tue May 04 10:10:55 2021,GREEN,174,226,30,0,0.0000000000
Tue May 04 10:10:55 2021,RED,40,50,30,0,0.0000000000
Tue May 04 10:10:55 2021,GREEN,172,224,30,0,0.0000000000
Tue May 04 10:10:55 2021,RED,37,45,30,0,0.0000000000
Tue May 04 10:10:55 2021,GREEN,170,222,30,0,0.0000000000
Tue May 04 10:10:55 2021,RED,34,40,30,0,0.0000000000
Tue May 04 10:10:55 2021,GREEN,168,220,30,0,0.0000000000
Tue May 04 10:10:55 2021,RED,31,35,30,0,0.0000000000
Tue May 04 10:10:55 2021,GREEN,166,218,30,0,0.0000000000
Tue May 04 10:10:55 2021,RED,28,30,30,0,0.0000000000
Tue May 04 10:10:55 2021,GREEN,164,216,30,0,0.0000000000
Tue May 04 10:10:56 2021,RED,25,25,30,0,0.0000000000
Tue May 04 10:10:56 2021,GREEN,162,214,30,0,0.0000000000
Tue May 04 10:10:56 2021,RED,22,20,30,0,0.0000000000
Tue May 04 10:10:56 2021,GREEN,160,212,30,0,0.0000000000
Tue May 04 10:10:56 2021,RED,19,15,30,0,0.0000000000
Tue May 04 10:10:56 2021,GREEN,158,210,30,0,0.0000000000
Tue May 04 10:10:56 2021,RED,16,15,30,0,0.0000000000
Tue May 04 10:10:56 2021,GREEN,156,208,30,0,0.0000000000
Tue May 04 10:10:56 2021,RED,15,20,30,0,0.0000000000
Tue May 04 10:10:56 2021,GREEN,154,206,30,0,0.0000000000
Tue May 04 10:10:56 2021,RED,18,25,30,0,0.0000000000
Tue May 04 10:10:56 2021,GREEN,152,204,30,0,0.0000000000
Tue May 04 10:10:56 2021,RED,21,30,30,0,0.0000000000
Tue May 04 10:10:56 2021,GREEN,150,202,30,0,0.0000000000
Tue May 04 10:10:56 2021,RED,24,35,30,0,0.0000000000
Tue May 04 10:10:56 2021,GREEN,148,200,30,0,0.0000000000
Tue May 04 10:10:56 2021,RED,27,40,30,0,0.0000000000
Tue May 04 10:10:56 2021,GREEN,146,198,30,0,0.0000000000
Tue May 04 10:10:56 2021,RED,30,45,30,0,0.0000000000
Tue May 04 10:10:56 2021,GREEN,144,196,30,0,0.0000000000
Tue May 04 10:10:56 2021,RED,33,50,30,0,0.0000000000
Tue May 04 10:10:56 2021,GREEN,142,194,30,0,0.0000000000
Tue May 04 10:10:56 2021,RED,36,55,30,0,0.0000000000
Tue May 04 10:10:56 2021,GREEN,140,192,30,0,0.0000000000
Tue May 04 10:10:56 2021,RED,39,60,30,0,0.0000000000
Tue May 04 10:10:56 2021,GREEN,138,190,30,0,0.0000000000
Tue May 04 10:10:56 2021,RED,42,65,30,0,0.0000000000
Tue May 04 10:10:56 2021,GREEN,136,188,30,0,0.0000000000
Tue May 04 10:10:56 2021,RED,45,70,30,0,0.0000000000
Tue May 04 10:10:56 2021,GREEN,134,186,30,0,0.0000000000
Tue May 04 10:10:56 2021,RED,48,75,30,0,0.0000000000
Tue May 04 10:10:56 2021,GREEN,132,184,30,0,0.0000000000
Tue May 04 10:10:57 2021,RED,51,80,30,0,0.0000000000
Tue May 04 10:10:57 2021,GREEN,130,182,30,0,0.0000000000
Tue May 04 10:10:57 2021,RED,54,85,30,0,0.0000000000
Tue May 04 10:10:57 2021,GREEN,128,180,30,0,0.0000000000
Tue May 04 10:10:57 2021,RED,57,90,30,0,0.0000000000
Tue May 04 10:10:57 2021,GREEN,126,178,30,0,0.0000000000
Tue May 04 10:10:57 2021,RED,60,95,30,0,0.0000000000
Tue May 04 10:10:57 2021,GREEN,124,176,30,0,0.0000000000
Tue May 04 10:10:57 2021,RED,63,100,30,0,0.0000000000
Tue May 04 10:10:57 2021,GREEN,122,174,30,0,0.0000000000
Tue May 04 10:10:57 2021,RED,66,105,30,0,0.0000000000
Tue May 04 10:10:57 2021,GREEN,120,172,30,0,0.0000000000
Tue May 04 10:10:57 2021,RED,69,110,30,0,0.0000000000
Tue May 04 10:10:57 2021,GREEN,118,170,30,0,0.0000000000
Tue May 04 10:10:57 2021,RED,72,115,30,0,0.0000000000
Tue May 04 10:10:57 2021,GREEN,116,168,30,0,0.0000000000
Tue May 04 10:10:57 2021,RED,75,120,30,0,0.0000000000
Tue May 04 10:10:57 2021,GREEN,114,166,30,0,0.0000000000
Tue May 04 10:10:57 2021,RED,78,125,30,0,0.0000000000
Tue May 04 10:10:57 2021,GREEN,112,164,30,0,0.0000000000
Tue May 04 10:10:57 2021,RED,81,130,30,0,0.0000000000
Tue May 04 10:10:57 2021,GREEN,110,162,30,0,0.0000000000
Tue May 04 10:10:57 2021,RED,84,135,30,0,0.0000000000
Tue May 04 10:10:57 2021,GREEN,108,160,30,0,0.0000000000
Tue May 04 10:10:57 2021,RED,87,140,30,0,0.0000000000
Tue May 04 10:10:57 2021,GREEN,106,158,30,0,0.0000000000
Tue May 04 10:10:57 2021,RED,90,145,30,0,0.0000000000
Tue May 04 10:10:57 2021,GREEN,104,156,30,0,0.0000000000
Tue May 04 10:10:57 2021,RED,93,150,30,0,0.0000000000
Tue May 04 10:10:57 2021,GREEN,102,154,30,0,0.0000000000
Tue May 04 10:10:57 2021,RED,96,155,30,0,0.0000000000
Tue May 04 10:10:57 2021,GREEN,100,152,30,0,0.0000000000
Tue May 04 10:10:58 2021,RED,99,160,30,0,0.0000000000
Tue May 04 10:10:58 2021,GREEN,98,150,30,0,0.0000000000
Tue May 04 10:10:58 2021,RED,102,165,30,0,0.0000000000
Tue May 04 10:10:58 2021,GREEN,96,148,30,0,0.0000000000
Tue May 04 10:10:58 2021,RED,105,170,30,0,0.0000000000
Tue May 04 10:10:58 2021,GREEN,94,146,30,0,0.0000000000
Tue May 04 10:10:58 2021,RED,108,175,30,0,0.0000000000
Tue May 04 10:10:58 2021,GREEN,92,144,30,0,0.0000000000
Tue May 04 10:10:58 2021,RED,111,180,30,0,0.0000000000
Tue May 04 10:10:58 2021,GREEN,90,142,30,0,0.0000000000
Tue May 04 10:10:58 2021,RED,114,185,30,0,0.0000000000
Tue May 04 10:10:58 2021,GREEN,88,140,30,0,0.0000000000
Tue May 04 10:10:58 2021,RED,117,190,30,0,0.0000000000
Tue May 04 10:10:58 2021,GREEN,86,138,30,0,0.0000000000
Tue May 04 10:10:58 2021,RED,120,195,30,0,0.0000000000
Tue May 04 10:10:58 2021,GREEN,84,136,30,0,0.0000000000
Tue May 04 10:10:58 2021,RED,123,200,30,0,0.0000000000
Tue May 04 10:10:58 2021,GREEN,82,134,30,0,0.0000000000
Tue May 04 10:10:58 2021,RED,126,205,30,0,0.0000000000
Tue May 04 10:10:58 2021,GREEN,80,132,30,0,0.0000000000
Tue May 04 10:10:58 2021,RED,129,210,30,0,0.0000000000
Tue May 04 10:10:58 2021,GREEN,78,130,30,0,0.0000000000
Tue May 04 10:10:58 2021,RED,132,215,30,0,0.0000000000
Tue May 04 10:10:58 2021,GREEN,76,128,30,0,0.0000000000
Tue May 04 10:10:58 2021,RED,135,220,30,0,0.0000000000
Tue May 04 10:10:58 2021,GREEN,74,126,30,0,0.0000000000
Tue May 04 10:10:58 2021,RED,138,225,30,0,0.0000000000
Tue May 04 10:10:58 2021,GREEN,72,124,30,0,0.0000000000
Tue May 04 10:10:58 2021,RED,141,230,30,0,0.0000000000
Tue May 04 10:10:58 2021,GREEN,70,122,30,0,0.0000000000
Tue May 04 10:10:58 2021,RED,144,235,30,0,0.0000000000
Tue May 04 10:10:58 2021,GREEN,68,120,30,0,0.0000000000
Tue May 04 10:10:59 2021,RED,147,240,30,0,0.0000000000
Tue May 04 10:10:59 2021,GREEN,66,118,30,0,0.0000000000
Tue May 04 10:10:59 2021,RED,150,245,30,0,0.0000000000
Tue May 04 10:10:59 2021,GREEN,64,116,30,0,0.0000000000
Tue May 04 10:10:59 2021,RED,153,250,30,0,0.0000000000
Tue May 04 10:10:59 2021,GREEN,62,114,30,0,0.0000000000
Tue May 04 10:10:59 2021,RED,156,250,30,0,0.0000000000
Tue May 04 10:10:59 2021,GREEN,60,112,30,0,0.0000000000
Tue May 04 10:10:59 2021,RED,159,245,30,0,0.0000000000
Tue May 04 10:10:59 2021,GREEN,58,110,30,0,0.0000000000
Tue May 04 10:10:59 2021,RED,162,240,30,0,0.0000000000
Tue May 04 10:10:59 2021,GREEN,56,108,30,0,0.0000000000
Tue May 04 10:10:59 2021,RED,165,235,30,0,0.0000000000
Tue May 04 10:10:59 2021,GREEN,54,106,30,0,0.0000000000
Tue May 04 10:10:59 2021,RED,168,230,30,0,0.0000000000
Tue May 04 10:10:59 2021,GREEN,52,104,30,0,0.0000000000
Tue May 04 10:10:59 2021,RED,171,225,30,0,0.0000000000
Tue May 04 10:10:59 2021,GREEN,50,102,30,0,0.0000000000
Tue May 04 10:10:59 2021,RED,174,220,30,0,0.0000000000
Tue May 04 10:10:59 2021,GREEN,48,100,30,0,0.0000000000
Tue May 04 10:10:59 2021,RED,177,215,30,0,0.0000000000
Tue May 04 10:10:59 2021,GREEN,46,98,30,0,0.0000000000
Tue May 04 10:10:59 2021,RED,180,210,30,0,0.0000000000
Tue May 04 10:10:59 2021,GREEN,44,96,30,0,0.0000000000
Tue May 04 10:10:59 2021,RED,183,205,30,0,0.0000000000
Tue May 04 10:10:59 2021,GREEN,42,94,30,0,0.0000000000
Tue May 04 10:10:59 2021,RED,186,200,30,0,0.0000000000
Tue May 04 10:10:59 2021,GREEN,40,92,30,0,0.0000000000
Tue May 04 10:10:59 2021,RED,189,195,30,0,0.0000000000
Tue May 04 10:10:59 2021,GREEN,38,90,30,0,0.0000000000
Tue May 04 10:10:59 2021,RED,192,190,30,0,0.0000000000
Tue May 04 10:10:59 2021,GREEN,36,88,30,0,0.0000000000
Tue May 04 10:11:00 2021,RED,195,185,30,0,0.0000000000
Tue May 04 10:11:00 2021,GREEN,34,86,30,0,0.0000000000
Tue May 04 10:11:00 2021,RED,198,180,30,0,0.0000000000
Tue May 04 10:11:00 2021,GREEN,32,84,30,0,0.0000000000
Tue May 04 10:11:00 2021,RED,201,175,30,0,0.0000000000
Tue May 04 10:11:00 2021,GREEN,30,82,30,0,0.0000000000
Tue May 04 10:11:00 2021,RED,204,170,30,0,0.0000000000
Tue May 04 10:11:00 2021,GREEN,28,80,30,0,0.0000000000
Tue May 04 10:11:00 2021,RED,207,165,30,0,0.0000000000
Tue May 04 10:11:00 2021,GREEN,26,78,30,0,0.0000000000
Tue May 04 10:11:00 2021,RED,210,160,30,0,0.0000000000
Tue May 04 10:11:00 2021,GREEN,24,76,30,0,0.0000000000
Tue May 04 10:11:00 2021,RED,213,155,30,0,0.0000000000
Tue May 04 10:11:00 2021,GREEN,22,74,30,0,0.0000000000
Tue May 04 10:11:00 2021,RED,216,150,30,0,0.0000000000
Tue May 04 10:11:00 2021,GREEN,20,72,30,0,0.0000000000
Tue May 04 10:11:00 2021,RED,219,145,30,0,0.0000000000
Tue May 04 10:11:00 2021,GREEN,18,70,30,0,0.0000000000
Tue May 04 10:11:00 2021,RED,220,140,30,0,0.0000000000
Tue May 04 10:11:00 2021,GREEN,16,68,30,0,0.0000000000
Tue May 04 10:11:00 2021,RED,217,135,30,0,0.0000000000
Tue May 04 10:11:00 2021,GREEN,15,66,30,0,0.0000000000
Tue May 04 10:11:00 2021,RED,214,130,30,0,0.0000000000
Tue May 04 10:11:00 2021,GREEN,17,64,30,0,0.0000000000
Tue May 04 10:11:00 2021,RED,211,125,30,0,0.0000000000
Tue May 04 10:11:00 2021,GREEN,19,62,30,0,0.0000000000
Tue May 04 10:11:00 2021,RED,208,120,30,0,0.0000000000
Tue May 04 10:11:00 2021,GREEN,21,60,30,0,0.0000000000
Tue May 04 10:11:00 2021,RED,205,115,30,0,0.0000000000
Tue May 04 10:11:00 2021,GREEN,23,58,30,0,0.0000000000
Tue May 04 10:11:00 2021,RED,202,110,30,0,0.0000000000
Tue May 04 10:11:00 2021,GREEN,25,56,30,0,0.0000000000
Tue May 04 10:11:01 2021,RED,199,105,30,0,0.0000000000
Tue May 04 10:11:01 2021,GREEN,27,54,30,0,0.0000000000
Tue May 04 10:11:01 2021,GREEN,29,52,30,0,0.0000000000
Tue May 04 10:11:01 2021,GREEN,31,50,30,0,0.0000000000
Tue May 04 10:11:01 2021,GREEN,33,48,30,0,0.0000000000
Tue May 04 10:11:01 2021,RED,198,105,30,0,0.0000000000
Tue May 04 10:11:01 2021,RED,197,105,30,0,0.0000000000
Tue May 04 10:11:01 2021,RED,195,105,30,0,0.0000000000
Tue May 04 10:11:01 2021,GREEN,35,46,30,0,0.0000000000
Tue May 04 10:11:01 2021,RED,194,106,30,0,0.0000000000
Tue May 04 10:11:01 2021,RED,192,107,30,0,0.0000000000
Tue May 04 10:11:01 2021,RED,191,107,30,0,0.0000000000
Tue May 04 10:11:01 2021,RED,190,109,30,0,0.0000000000
Tue May 04 10:11:01 2021,RED,189,111,30,0,0.0000000000
Tue May 04 10:11:01 2021,GREEN,37,44,30,0,0.0000000000
Tue May 04 10:11:01 2021,RED,186,114,30,0,0.0000000000
Tue May 04 10:11:01 2021,RED,185,118,30,0,0.0000000000
Tue May 04 10:11:01 2021,RED,183,121,30,0,0.0000000000
Tue May 04 10:11:01 2021,RED,180,126,30,0,0.0000000000
Tue May 04 10:11:01 2021,RED,178,129,30,0,0.0000000000
Tue May 04 10:11:01 2021,RED,177,133,30,0,0.0000000000
Tue May 04 10:11:01 2021,RED,175,138,30,0,0.0000000000
Tue May 04 10:11:01 2021,RED,173,140,30,0,0.0000000000
Tue May 04 10:11:01 2021,GREEN,39,42,30,0,0.0000000000
Tue May 04 10:11:01 2021,RED,173,143,30,0,0.0000000000
Tue May 04 10:11:01 2021,RED,172,145,30,0,0.0000000000
Tue May 04 10:11:01 2021,RED,172,148,30,0,0.0000000000
Tue May 04 10:11:01 2021,RED,171,150,30,0,0.0000000000
Tue May 04 10:11:01 2021,RED,171,152,30,0,0.0000000000
Tue May 04 10:11:01 2021,RED,170,154,30,0,0.0000000000
Tue May 04 10:11:01 2021,RED,170,155,30,0,0.0000000000
Tue May 04 10:11:01 2021,GREEN,41,40,30,0,0.0000000000
Tue May 04 10:11:01 2021,RED,170,157,30,0,0.0000000000
Tue May 04 10:11:01 2021,RED,170,158,30,0,0.0000000000
Tue May 04 10:11:01 2021,RED,170,159,30,0,0.0000000000
Tue May 04 10:11:01 2021,RED,170,160,30,0,0.0000000000
Tue May 04 10:11:01 2021,RED,170,161,30,0,0.0000000000
Tue May 04 10:11:01 2021,RED,170,162,30,0,0.0000000000
Tue May 04 10:11:01 2021,RED,170,163,30,0,0.0000000000
Tue May 04 10:11:01 2021,GREEN,43,38,30,0,0.0000000000
Tue May 04 10:11:01 2021,RED,169,167,30,0,0.0000000000
Tue May 04 10:11:01 2021,RED,168,171,30,0,0.0000000000
Tue May 04 10:11:01 2021,RED,165,176,30,0,0.0000000000
Tue May 04 10:11:01 2021,RED,161,180,30,0,0.0000000000
Tue May 04 10:11:01 2021,RED,157,186,30,0,0.0000000000
Tue May 04 10:11:01 2021,RED,154,189,30,0,0.0000000000
Tue May 04 10:11:01 2021,RED,149,191,30,0,0.0000000000
Tue May 04 10:11:01 2021,RED,145,193,30,0,0.0000000000
Tue May 04 10:11:01 2021,GREEN,45,36,30,0,0.0000000000
Tue May 04 10:11:01 2021,RED,142,193,30,0,0.0000000000
Tue May 04 10:11:01 2021,RED,137,194,30,0,0.0000000000
Tue May 04 10:11:01 2021,RED,135,194,30,0,0.0000000000
Tue May 04 10:11:01 2021,RED,133,194,30,0,0.0000000000
Tue May 04 10:11:01 2021,RED,131,194,30,0,0.0000000000
Tue May 04 10:11:01 2021,RED,126,191,30,0,0.0000000000
Tue May 04 10:11:01 2021,RED,121,186,30,0,0.0000000000
Tue May 04 10:11:01 2021,GREEN,47,34,30,0,0.0000000000
Tue May 04 10:11:01 2021,RED,112,181,30,0,0.0000000000
Tue May 04 10:11:01 2021,RED,103,174,30,0,0.0000000000
Tue May 04 10:11:01 2021,RED,92,168,30,0,0.0000000000
Tue May 04 10:11:01 2021,RED,73,154,30,0,0.0000000000
Tue May 04 10:11:01 2021,RED,59,144,30,0,0.0000000000
Tue May 04 10:11:01 2021,RED,45,135,30,0,0.0000000000
Tue May 04 10:11:01 2021,RED,37,128,30,0,0.0000000000
Tue May 04 10:11:01 2021,GREEN,49,32,30,0,0.0000000000
Tue May 04 10:11:01 2021,RED,28,122,30,0,0.0000000000
Tue May 04 10:11:01 2021,RED,26,120,30,0,0.0000000000
Tue May 04 10:11:01 2021,RED,25,117,30,0,0.0000000000
Tue May 04 10:11:01 2021,RED,24,117,30,0,0.0000000000
Tue May 04 10:11:01 2021,RED,24,116,30,0,0.0000000000
Tue May 04 10:11:01 2021,RED,24,115,30,0,0.0000000000
Tue May 04 10:11:01 2021,RED,24,114,30,0,0.0000000000
Tue May 04 10:11:01 2021,GREEN,51,30,30,0,0.0000000000
Tue May 04 10:11:01 2021,RED,25,113,30,0,0.0000000000
Tue May 04 10:11:01 2021,RED,26,112,30,0,0.0000000000
Tue May 04 10:11:01 2021,RED,27,111,30,0,0.0000000000
Tue May 04 10:11:01 2021,RED,29,111,30,0,0.0000000000
Tue May 04 10:11:01 2021,RED,32,109,30,0,0.0000000000
Tue May 04 10:11:01 2021,RED,34,108,30,0,0.0000000000
Tue May 04 10:11:01 2021,RED,37,108,30,0,0.0000000000
Tue May 04 10:11:01 2021,GREEN,53,28,30,0,0.0000000000
Tue May 04 10:11:01 2021,RED,39,107,30,0,0.0000000000
Tue May 04 10:11:01 2021,RED,43,106,30,0,0.0000000000
Tue May 04 10:11:01 2021,RED,48,105,30,0,0.0000000000
Tue May 04 10:11:01 2021,RED,53,105,30,0,0.0000000000
Tue May 04 10:11:01 2021,RED,60,105,30,0,0.0000000000
Tue May 04 10:11:01 2021,RED,65,105,30,0,0.0000000000
Tue May 04 10:11:01 2021,RED,72,105,30,0,0.0000000000
Tue May 04 10:11:01 2021,RED,77,105,30,0,0.0000000000
Tue May 04 10:11:01 2021,GREEN,55,26,30,0,0.0000000000
Tue May 04 10:11:01 2021,RED,87,105,30,0,0.0000000000
Tue May 04 10:11:01 2021,RED,94,105,30,0,0.0000000000
Tue May 04 10:11:01 2021,RED,100,106,30,0,0.0000000000
Tue May 04 10:11:01 2021,RED,106,107,30,0,0.0000000000
Tue May 04 10:11:01 2021,RED,112,109,30,0,0.0000000000
Tue May 04 10:11:01 2021,RED,118,111,30,0,0.0000000000
Tue May 04 10:11:01 2021,RED,122,113,30,0,0.0000000000
Tue May 04 10:11:01 2021,RED,126,115,30,0,0.0000000000
Tue May 04 10:11:01 2021,GREEN,57,24,30,0,0.0000000000
Tue May 04 10:11:01 2021,RED,129,117,30,0,0.0000000000
Tue May 04 10:11:01 2021,RED,131,119,30,0,0.0000000000
Tue May 04 10:11:01 2021,RED,133,121,30,0,0.0000000000
Tue May 04 10:11:02 2021,RED,133,122,30,0,0.0000000000
Tue May 04 10:11:02 2021,RED,134,124,30,0,0.0000000000
Tue May 04 10:11:02 2021,RED,135,126,30,0,0.0000000000
Tue May 04 10:11:02 2021,RED,136,130,30,0,0.0000000000
Tue May 04 10:11:02 2021,GREEN,59,22,30,0,0.0000000000
Tue May 04 10:11:02 2021,RED,136,133,30,0,0.0000000000
Tue May 04 10:11:02 2021,RED,137,138,30,0,0.0000000000
Tue May 04 10:11:02 2021,RED,137,144,30,0,0.0000000000
Tue May 04 10:11:02 2021,RED,138,151,30,0,0.0000000000
Tue May 04 10:11:02 2021,RED,138,155,30,0,0.0000000000
Tue May 04 10:11:02 2021,RED,138,159,30,0,0.0000000000
Tue May 04 10:11:02 2021,RED,138,162,30,0,0.0000000000
Tue May 04 10:11:02 2021,GREEN,61,20,30,0,0.0000000000
Tue May 04 10:11:02 2021,RED,138,165,30,0,0.0000000000
Tue May 04 10:11:02 2021,RED,138,169,30,0,0.0000000000
Tue May 04 10:11:02 2021,RED,138,172,30,0,0.0000000000
Tue May 04 10:11:02 2021,RED,137,174,30,0,0.0000000000
Tue May 04 10:11:02 2021,RED,135,177,30,0,0.0000000000
Tue May 04 10:11:02 2021,RED,134,179,30,0,0.0000000000
Tue May 04 10:11:02 2021,RED,132,180,30,0,0.0000000000
Tue May 04 10:11:02 2021,RED,129,182,30,0,0.0000000000
Tue May 04 10:11:02 2021,GREEN,63,18,30,0,0.0000000000
Tue May 04 10:11:02 2021,RED,127,183,30,0,0.0000000000
Tue May 04 10:11:02 2021,RED,124,183,30,0,0.0000000000
Tue May 04 10:11:02 2021,RED,119,183,30,0,0.0000000000
Tue May 04 10:11:02 2021,RED,115,183,30,0,0.0000000000
Tue May 04 10:11:02 2021,RED,110,183,30,0,0.0000000000
Tue May 04 10:11:02 2021,RED,105,183,30,0,0.0000000000
Tue May 04 10:11:02 2021,RED,101,182,30,0,0.0000000000
Tue May 04 10:11:02 2021,RED,96,178,30,0,0.0000000000
Tue May 04 10:11:02 2021,GREEN,65,16,30,0,0.0000000000
Tue May 04 10:11:02 2021,RED,92,175,30,0,0.0000000000
Tue May 04 10:11:02 2021,RED,89,172,30,0,0.0000000000
Tue May 04 10:11:02 2021,RED,86,168,30,0,0.0000000000
Tue May 04 10:11:02 2021,RED,83,162,30,0,0.0000000000
Tue May 04 10:11:02 2021,RED,82,159,30,0,0.0000000000
Tue May 04 10:11:02 2021,RED,80,156,30,0,0.0000000000
Tue May 04 10:11:02 2021,RED,79,153,30,0,0.0000000000
Tue May 04 10:11:02 2021,GREEN,67,15,30,0,0.0000000000
Tue May 04 10:11:02 2021,RED,78,148,30,0,0.0000000000
Tue May 04 10:11:02 2021,RED,78,144,30,0,0.0000000000
Tue May 04 10:11:02 2021,RED,78,141,30,0,0.0000000000
Tue May 04 10:11:02 2021,RED,78,138,30,0,0.0000000000
Tue May 04 10:11:02 2021,RED,78,136,30,0,0.0000000000
Tue May 04 10:11:02 2021,RED,78,132,30,0,0.0000000000
Tue May 04 10:11:02 2021,RED,78,129,30,0,0.0000000000
Tue May 04 10:11:02 2021,GREEN,69,17,30,0,0.0000000000
Tue May 04 10:11:02 2021,RED,78,127,30,0,0.0000000000
Tue May 04 10:11:02 2021,RED,78,123,30,0,0.0000000000
Tue May 04 10:11:02 2021,RED,78,120,30,0,0.0000000000
Tue May 04 10:11:02 2021,RED,79,115,30,0,0.0000000000
Tue May 04 10:11:02 2021,RED,80,112,30,0,0.0000000000
Tue May 04 10:11:02 2021,RED,81,109,30,0,0.0000000000
Tue May 04 10:11:02 2021,RED,83,107,30,0,0.0000000000
Tue May 04 10:11:02 2021,RED,84,105,30,0,0.0000000000
Tue May 04 10:11:02 2021,GREEN,71,19,30,0,0.0000000000
Tue May 04 10:11:02 2021,RED,87,104,30,0,0.0000000000
Tue May 04 10:11:02 2021,RED,88,103,30,0,0.0000000000
Tue May 04 10:11:02 2021,RED,90,101,30,0,0.0000000000
Tue May 04 10:11:02 2021,RED,92,101,30,0,0.0000000000
Tue May 04 10:11:02 2021,RED,96,99,30,0,0.0000000000
Tue May 04 10:11:02 2021,RED,98,98,30,0,0.0000000000
Tue May 04 10:11:02 2021,RED,100,98,30,0,0.0000000000
Tue May 04 10:11:02 2021,GREEN,73,21,30,0,0.0000000000
Tue May 04 10:11:02 2021,RED,103,97,30,0,0.0000000000
Tue May 04 10:11:02 2021,RED,108,95,30,0,0.0000000000
Tue May 04 10:11:02 2021,RED,111,95,30,0,0.0000000000
Tue May 04 10:11:02 2021,RED,115,95,30,0,0.0000000000
Tue May 04 10:11:02 2021,RED,118,95,30,0,0.0000000000
Tue May 04 10:11:02 2021,RED,121,95,30,0,0.0000000000
Tue May 04 10:11:02 2021,RED,125,96,30,0,0.0000000000
Tue May 04 10:11:02 2021,RED,127,98,30,0,0.0000000000
Tue May 04 10:11:02 2021,GREEN,75,23,30,0,0.0000000000
Tue May 04 10:11:02 2021,RED,129,100,30,0,0.0000000000
Tue May 04 10:11:02 2021,RED,132,104,30,0,0.0000000000
Tue May 04 10:11:02 2021,RED,135,109,30,0,0.0000000000
Tue May 04 10:11:02 2021,RED,138,113,30,0,0.0000000000
Tue May 04 10:11:02 2021,RED,141,119,30,0,0.0000000000
Tue May 04 10:11:02 2021,RED,144,125,30,0,0.0000000000
Tue May 04 10:11:02 2021,RED,145,131,30,0,0.0000000000
Tue May 04 10:11:02 2021,RED,148,138,30,0,0.0000000000
Tue May 04 10:11:02 2021,GREEN,77,25,30,0,0.0000000000
Tue May 04 10:11:02 2021,RED,149,144,30,0,0.0000000000
Tue May 04 10:11:02 2021,RED,149,149,30,0,0.0000000000
Tue May 04 10:11:02 2021,RED,149,156,30,0,0.0000000000
Tue May 04 10:11:02 2021,RED,149,164,30,0,0.0000000000
Tue May 04 10:11:02 2021,RED,147,170,30,0,0.0000000000
Tue May 04 10:11:02 2021,RED,147,174,30,0,0.0000000000
Tue May 04 10:11:02 2021,RED,145,176,30,0,0.0000000000
Tue May 04 10:11:02 2021,GREEN,79,27,30,0,0.0000000000
Tue May 04 10:11:02 2021,RED,144,178,30,0,0.0000000000
Tue May 04 10:11:02 2021,RED,143,180,30,0,0.0000000000
Tue May 04 10:11:02 2021,RED,141,181,30,0,0.0000000000
Tue May 04 10:11:02 2021,RED,139,181,30,0,0.0000000000
Tue May 04 10:11:02 2021,RED,134,182,30,0,0.0000000000
Tue May 04 10:11:02 2021,RED,128,182,30,0,0.0000000000
Tue May 04 10:11:02 2021,RED,121,182,30,0,0.0000000000
Tue May 04 10:11:02 2021,RED,113,182,30,0,0.0000000000
Tue May 04 10:11:02 2021,GREEN,81,29,30,0,0.0000000000
Tue May 04 10:11:02 2021,RED,105,182,30,0,0.0000000000
Tue May 04 10:11:02 2021,RED,96,182,30,0,0.0000000000
Tue May 04 10:11:02 2021,RED,82,182,30,0,0.0000000000
Tue May 04 10:11:02 2021,RED,73,181,30,0,0.0000000000
Tue May 04 10:11:02 2021,RED,63,179,30,0,0.0000000000
Tue May 04 10:11:02 2021,RED,52,176,30,0,0.0000000000
Tue May 04 10:11:02 2021,RED,43,172,30,0,0.0000000000
Tue May 04 10:11:02 2021,GREEN,83,31,30,0,0.0000000000
Tue May 04 10:11:02 2021,RED,32,167,30,0,0.0000000000
Tue May 04 10:11:02 2021,RED,24,164,30,0,0.0000000000
Tue May 04 10:11:02 2021,RED,21,161,30,0,0.0000000000
Tue May 04 10:11:02 2021,RED,19,159,30,0,0.0000000000
Tue May 04 10:11:02 2021,RED,18,157,30,0,0.0000000000
Tue May 04 10:11:02 2021,RED,18,155,30,0,0.0000000000
Tue May 04 10:11:02 2021,RED,18,152,30,0,0.0000000000
Tue May 04 10:11:02 2021,GREEN,85,33,30,0,0.0000000000
Tue May 04 10:11:02 2021,RED,18,150,30,0,0.0000000000
Tue May 04 10:11:02 2021,RED,18,147,30,0,0.0000000000
Tue May 04 10:11:02 2021,RED,18,144,30,0,0.0000000000
Tue May 04 10:11:02 2021,RED,18,142,30,0,0.0000000000
Tue May 04 10:11:02 2021,RED,20,139,30,0,0.0000000000
Tue May 04 10:11:02 2021,RED,22,136,30,0,0.0000000000
Tue May 04 10:11:02 2021,RED,23,132,30,0,0.0000000000
Tue May 04 10:11:02 2021,RED,26,129,30,0,0.0000000000
Tue May 04 10:11:02 2021,GREEN,87,35,30,0,0.0000000000
Tue May 04 10:11:02 2021,RED,27,126,30,0,0.0000000000
Tue May 04 10:11:02 2021,RED,30,125,30,0,0.0000000000
Tue May 04 10:11:02 2021,RED,32,124,30,0,0.0000000000
Tue May 04 10:11:02 2021,RED,34,121,30,0,0.0000000000
Tue May 04 10:11:02 2021,RED,37,120,30,0,0.0000000000
Tue May 04 10:11:02 2021,RED,40,118,30,0,0.0000000000
Tue May 04 10:11:02 2021,RED,43,116,30,0,0.0000000000
Tue May 04 10:11:02 2021,RED,46,114,30,0,0.0000000000
Tue May 04 10:11:02 2021,GREEN,89,37,30,0,0.0000000000
Tue May 04 10:11:02 2021,RED,50,112,30,0,0.0000000000
Tue May 04 10:11:02 2021,RED,54,110,30,0,0.0000000000
Tue May 04 10:11:02 2021,RED,59,108,30,0,0.0000000000
Tue May 04 10:11:02 2021,RED,63,106,30,0,0.0000000000
Tue May 04 10:11:03 2021,RED,70,104,30,0,0.0000000000
Tue May 04 10:11:03 2021,RED,76,102,30,0,0.0000000000
Tue May 04 10:11:03 2021,RED,82,101,30,0,0.0000000000
Tue May 04 10:11:03 2021,RED,87,101,30,0,0.0000000000
Tue May 04 10:11:03 2021,GREEN,91,39,30,0,0.0000000000
Tue May 04 10:11:03 2021,RED,93,101,30,0,0.0000000000
Tue May 04 10:11:03 2021,RED,95,101,30,0,0.0000000000
Tue May 04 10:11:03 2021,RED,97,101,30,0,0.0000000000
Tue May 04 10:11:03 2021,RED,98,101,30,0,0.0000000000
Tue May 04 10:11:03 2021,RED,100,101,30,0,0.0000000000
Tue May 04 10:11:03 2021,RED,101,101,30,0,0.0000000000
Tue May 04 10:11:03 2021,GREEN,93,41,30,0,0.0000000000
Tue May 04 10:11:03 2021,RED,102,101,30,0,0.0000000000
Tue May 04 10:11:03 2021,RED,104,102,30,0,0.0000000000
Tue May 04 10:11:03 2021,RED,105,103,30,0,0.0000000000
Tue May 04 10:11:03 2021,RED,108,106,30,0,0.0000000000
Tue May 04 10:11:03 2021,RED,111,108,30,0,0.0000000000
Tue May 04 10:11:03 2021,RED,112,110,30,0,0.0000000000
Tue May 04 10:11:03 2021,RED,114,113,30,0,0.0000000000
Tue May 04 10:11:03 2021,RED,115,116,30,0,0.0000000000
Tue May 04 10:11:03 2021,GREEN,95,43,30,0,0.0000000000
Tue May 04 10:11:03 2021,RED,118,121,30,0,0.0000000000
Tue May 04 10:11:03 2021,RED,119,124,30,0,0.0000000000
Tue May 04 10:11:03 2021,RED,120,127,30,0,0.0000000000
Tue May 04 10:11:03 2021,RED,121,130,30,0,0.0000000000
Tue May 04 10:11:03 2021,RED,123,135,30,0,0.0000000000
Tue May 04 10:11:03 2021,RED,123,138,30,0,0.0000000000
Tue May 04 10:11:03 2021,RED,124,140,30,0,0.0000000000
Tue May 04 10:11:03 2021,RED,124,143,30,0,0.0000000000
Tue May 04 10:11:03 2021,GREEN,97,45,30,0,0.0000000000
Tue May 04 10:11:03 2021,RED,124,145,30,0,0.0000000000
Tue May 04 10:11:03 2021,RED,124,149,30,0,0.0000000000
Tue May 04 10:11:03 2021,RED,124,152,30,0,0.0000000000
Tue May 04 10:11:03 2021,RED,123,156,30,0,0.0000000000
Tue May 04 10:11:03 2021,RED,122,160,30,0,0.0000000000
Tue May 04 10:11:03 2021,RED,120,165,30,0,0.0000000000
Tue May 04 10:11:03 2021,RED,117,172,30,0,0.0000000000
Tue May 04 10:11:03 2021,GREEN,99,47,30,0,0.0000000000
Tue May 04 10:11:03 2021,RED,116,174,30,0,0.0000000000
Tue May 04 10:11:03 2021,RED,114,176,30,0,0.0000000000
Tue May 04 10:11:03 2021,RED,113,176,30,0,0.0000000000
Tue May 04 10:11:03 2021,RED,111,176,30,0,0.0000000000
Tue May 04 10:11:03 2021,RED,109,176,30,0,0.0000000000
Tue May 04 10:11:03 2021,RED,107,176,30,0,0.0000000000
Tue May 04 10:11:03 2021,GREEN,101,49,30,0,0.0000000000
Tue May 04 10:11:03 2021,RED,104,176,30,0,0.0000000000
Tue May 04 10:11:03 2021,RED,99,174,30,0,0.0000000000
Tue May 04 10:11:03 2021,RED,96,171,30,0,0.0000000000
Tue May 04 10:11:03 2021,RED,91,168,30,0,0.0000000000
Tue May 04 10:11:03 2021,RED,86,165,30,0,0.0000000000
Tue May 04 10:11:03 2021,RED,79,158,30,0,0.0000000000
Tue May 04 10:11:03 2021,RED,73,152,30,0,0.0000000000
Tue May 04 10:11:03 2021,RED,67,146,30,0,0.0000000000
Tue May 04 10:11:03 2021,GREEN,103,51,30,0,0.0000000000
Tue May 04 10:11:03 2021,RED,61,140,30,0,0.0000000000
Tue May 04 10:11:03 2021,RED,55,134,30,0,0.0000000000
Tue May 04 10:11:03 2021,RED,50,127,30,0,0.0000000000
Tue May 04 10:11:03 2021,RED,46,122,30,0,0.0000000000
Tue May 04 10:11:03 2021,RED,43,118,30,0,0.0000000000
Tue May 04 10:11:03 2021,RED,41,114,30,0,0.0000000000
Tue May 04 10:11:03 2021,RED,39,112,30,0,0.0000000000
Tue May 04 10:11:03 2021,GREEN,105,53,30,0,0.0000000000
Tue May 04 10:11:03 2021,RED,39,110,30,0,0.0000000000
Tue May 04 10:11:03 2021,RED,39,108,30,0,0.0000000000
Tue May 04 10:11:03 2021,RED,39,105,30,0,0.0000000000
Tue May 04 10:11:03 2021,RED,39,104,30,0,0.0000000000
Tue May 04 10:11:03 2021,RED,39,101,30,0,0.0000000000
Tue May 04 10:11:03 2021,RED,39,100,30,0,0.0000000000
Tue May 04 10:11:03 2021,RED,39,98,30,0,0.0000000000
Tue May 04 10:11:03 2021,RED,39,96,30,0,0.0000000000
Tue May 04 10:11:03 2021,GREEN,107,55,30,0,0.0000000000
Tue May 04 10:11:03 2021,RED,39,93,30,0,0.0000000000
Tue May 04 10:11:03 2021,RED,40,92,30,0,0.0000000000
Tue May 04 10:11:03 2021,RED,41,91,30,0,0.0000000000
Tue May 04 10:11:03 2021,RED,43,89,30,0,0.0000000000
Tue May 04 10:11:03 2021,RED,45,88,30,0,0.0000000000
Tue May 04 10:11:03 2021,RED,47,86,30,0,0.0000000000
Tue May 04 10:11:03 2021,RED,49,85,30,0,0.0000000000
Tue May 04 10:11:03 2021,RED,52,83,30,0,0.0000000000
Tue May 04 10:11:03 2021,GREEN,109,57,30,0,0.0000000000
Tue May 04 10:11:03 2021,RED,54,82,30,0,0.0000000000
Tue May 04 10:11:03 2021,RED,56,80,30,0,0.0000000000
Tue May 04 10:11:03 2021,RED,58,79,30,0,0.0000000000
Tue May 04 10:11:03 2021,RED,61,78,30,0,0.0000000000
Tue May 04 10:11:03 2021,RED,64,76,30,0,0.0000000000
Tue May 04 10:11:03 2021,RED,67,76,30,0,0.0000000000
Tue May 04 10:11:03 2021,RED,73,74,30,0,0.0000000000
Tue May 04 10:11:03 2021,GREEN,111,59,30,0,0.0000000000
Tue May 04 10:11:03 2021,RED,77,73,30,0,0.0000000000
Tue May 04 10:11:03 2021,RED,82,72,30,0,0.0000000000
Tue May 04 10:11:03 2021,RED,87,72,30,0,0.0000000000
Tue May 04 10:11:03 2021,RED,92,72,30,0,0.0000000000
Tue May 04 10:11:03 2021,RED,94,72,30,0,0.0000000000
Tue May 04 10:11:03 2021,RED,95,72,30,0,0.0000000000
Tue May 04 10:11:03 2021,RED,96,72,30,0,0.0000000000
Tue May 04 10:11:03 2021,RED,97,73,30,0,0.0000000000
Tue May 04 10:11:03 2021,GREEN,113,61,30,0,0.0000000000
Tue May 04 10:11:03 2021,RED,97,74,30,0,0.0000000000
Tue May 04 10:11:03 2021,RED,99,76,30,0,0.0000000000
Tue May 04 10:11:03 2021,RED,100,79,30,0,0.0000000000
Tue May 04 10:11:03 2021,RED,101,82,30,0,0.0000000000
Tue May 04 10:11:03 2021,RED,104,85,30,0,0.0000000000
Tue May 04 10:11:03 2021,RED,105,88,30,0,0.0000000000
Tue May 04 10:11:03 2021,RED,106,92,30,0,0.0000000000
Tue May 04 10:11:03 2021,GREEN,115,63,30,0,0.0000000000
Tue May 04 10:11:03 2021,RED,107,95,30,0,0.0000000000
Tue May 04 10:11:03 2021,RED,108,98,30,0,0.0000000000
Tue May 04 10:11:03 2021,RED,109,102,30,0,0.0000000000
Tue May 04 10:11:03 2021,RED,109,104,30,0,0.0000000000
Tue May 04 10:11:03 2021,RED,109,107,30,0,0.0000000000
Tue May 04 10:11:03 2021,RED,110,109,30,0,0.0000000000
Tue May 04 10:11:03 2021,RED,110,112,30,0,0.0000000000
Tue May 04 10:11:03 2021,RED,110,114,30,0,0.0000000000
Tue May 04 10:11:03 2021,GREEN,117,65,30,0,0.0000000000
Tue May 04 10:11:03 2021,RED,110,116,30,0,0.0000000000
Tue May 04 10:11:03 2021,RED,110,118,30,0,0.0000000000
Tue May 04 10:11:03 2021,RED,110,119,30,0,0.0000000000
Tue May 04 10:11:03 2021,RED,110,122,30,0,0.0000000000
Tue May 04 10:11:03 2021,RED,110,124,30,0,0.0000000000
Tue May 04 10:11:03 2021,RED,110,126,30,0,0.0000000000
Tue May 04 10:11:03 2021,RED,110,128,30,0,0.0000000000
Tue May 04 10:11:03 2021,GREEN,119,67,30,0,0.0000000000
Tue May 04 10:11:03 2021,RED,110,129,30,0,0.0000000000
Tue May 04 10:11:03 2021,RED,110,130,30,0,0.0000000000
Tue May 04 10:11:03 2021,RED,109,132,30,0,0.0000000000
Tue May 04 10:11:03 2021,RED,108,132,30,0,0.0000000000
Tue May 04 10:11:03 2021,RED,107,133,30,0,0.0000000000
Tue May 04 10:11:03 2021,RED,105,134,30,0,0.0000000000
Tue May 04 10:11:03 2021,RED,103,134,30,0,0.0000000000
Tue May 04 10:11:03 2021,GREEN,121,69,30,0,0.0000000000
Tue May 04 10:11:03 2021,RED,100,136,30,0,0.0000000000
Tue May 04 10:11:03 2021,RED,97,137,30,0,0.0000000000
Tue May 04 10:11:03 2021,RED,90,139,30,0,0.0000000000
Tue May 04 10:11:03 2021,RED,83,141,30,0,0.0000000000
Tue May 04 10:11:04 2021,RED,79,141,30,0,0.0000000000
Tue May 04 10:11:04 2021,RED,74,141,30,0,0.0000000000
Tue May 04 10:11:04 2021,RED,68,142,30,0,0.0000000000
Tue May 04 10:11:04 2021,RED,63,142,30,0,0.0000000000
Tue May 04 10:11:04 2021,GREEN,123,71,30,0,0.0000000000
Tue May 04 10:11:04 2021,RED,60,142,30,0,0.0000000000
Tue May 04 10:11:04 2021,RED,59,142,30,0,0.0000000000
Tue May 04 10:11:04 2021,RED,58,142,30,0,0.0000000000
Tue May 04 10:11:04 2021,GREEN,125,73,30,0,0.0000000000
Tue May 04 10:11:04 2021,RED,58,141,30,0,0.0000000000
Tue May 04 10:11:04 2021,RED,58,140,30,0,0.0000000000
Tue May 04 10:11:04 2021,RED,58,138,30,0,0.0000000000
Tue May 04 10:11:04 2021,RED,58,137,30,0,0.0000000000
Tue May 04 10:11:04 2021,RED,58,135,30,0,0.0000000000
Tue May 04 10:11:04 2021,RED,58,133,30,0,0.0000000000
Tue May 04 10:11:04 2021,RED,58,131,30,0,0.0000000000
Tue May 04 10:11:04 2021,GREEN,127,75,30,0,0.0000000000
Tue May 04 10:11:04 2021,RED,58,130,30,0,0.0000000000
Tue May 04 10:11:04 2021,RED,58,129,30,0,0.0000000000
Tue May 04 10:11:04 2021,RED,58,125,30,0,0.0000000000
Tue May 04 10:11:04 2021,GREEN,129,77,30,0,0.0000000000
Tue May 04 10:11:04 2021,RED,58,121,30,0,0.0000000000
Tue May 04 10:11:04 2021,GREEN,131,79,30,0,0.0000000000
Tue May 04 10:11:04 2021,RED,58,117,30,0,0.0000000000
Tue May 04 10:11:04 2021,GREEN,133,81,30,0,0.0000000000
Tue May 04 10:11:04 2021,RED,58,113,30,0,0.0000000000
Tue May 04 10:11:04 2021,GREEN,135,83,30,0,0.0000000000
Tue May 04 10:11:04 2021,RED,58,109,30,0,0.0000000000
Tue May 04 10:11:04 2021,GREEN,137,85,30,0,0.0000000000
Tue May 04 10:11:04 2021,RED,58,105,30,0,0.0000000000
Tue May 04 10:11:04 2021,GREEN,139,87,30,0,0.0000000000
Tue May 04 10:11:04 2021,RED,58,101,30,0,0.0000000000
Tue May 04 10:11:04 2021,GREEN,141,89,30,0,0.0000000000
Tue May 04 10:11:04 2021,RED,58,97,30,0,0.0000000000
Tue May 04 10:11:04 2021,GREEN,143,91,30,0,0.0000000000
Tue May 04 10:11:04 2021,RED,58,93,30,0,0.0000000000
Tue May 04 10:11:04 2021,GREEN,145,93,30,0,0.0000000000
Tue May 04 10:11:04 2021,RED,58,89,30,0,0.0000000000
Tue May 04 10:11:04 2021,GREEN,147,95,30,0,0.0000000000
Tue May 04 10:11:04 2021,RED,58,85,30,0,0.0000000000
Tue May 04 10:11:04 2021,GREEN,149,97,30,0,0.0000000000
Tue May 04 10:11:04 2021,RED,58,81,30,0,0.0000000000
Tue May 04 10:11:04 2021,GREEN,151,99,30,0,0.0000000000
Tue May 04 10:11:04 2021,RED,58,77,30,0,0.0000000000
Tue May 04 10:11:04 2021,GREEN,153,101,30,0,0.0000000000
Tue May 04 10:11:05 2021,RED,58,73,30,0,0.0000000000
Tue May 04 10:11:05 2021,GREEN,155,103,30,0,0.0000000000
Tue May 04 10:11:05 2021,RED,58,69,30,0,0.0000000000
Tue May 04 10:11:05 2021,GREEN,157,105,30,0,0.0000000000
Tue May 04 10:11:05 2021,RED,58,65,30,0,0.0000000000
Tue May 04 10:11:05 2021,GREEN,159,107,30,0,0.0000000000
Tue May 04 10:11:05 2021,RED,58,61,30,0,0.0000000000
Tue May 04 10:11:05 2021,GREEN,161,109,30,0,0.0000000000
Tue May 04 10:11:05 2021,RED,58,57,30,0,0.0000000000
Tue May 04 10:11:05 2021,GREEN,163,111,30,0,0.0000000000
Tue May 04 10:11:05 2021,RED,58,53,30,0,0.0000000000
Tue May 04 10:11:05 2021,GREEN,165,113,30,0,0.0000000000
Tue May 04 10:11:05 2021,RED,58,49,30,0,0.0000000000
Tue May 04 10:11:05 2021,GREEN,167,115,30,0,0.0000000000
Tue May 04 10:11:05 2021,RED,58,45,30,0,0.0000000000
Tue May 04 10:11:05 2021,GREEN,169,117,30,0,0.0000000000
Tue May 04 10:11:05 2021,RED,58,41,30,0,0.0000000000
Tue May 04 10:11:05 2021,GREEN,171,119,30,0,0.0000000000
Tue May 04 10:11:05 2021,RED,58,37,30,0,0.0000000000
Tue May 04 10:11:05 2021,GREEN,173,121,30,0,0.0000000000
Tue May 04 10:11:05 2021,RED,58,33,30,0,0.0000000000
Tue May 04 10:11:05 2021,GREEN,175,123,30,0,0.0000000000
Tue May 04 10:11:05 2021,RED,58,29,30,0,0.0000000000
Tue May 04 10:11:05 2021,GREEN,177,125,30,0,0.0000000000
Tue May 04 10:11:05 2021,RED,58,25,30,0,0.0000000000
Tue May 04 10:11:05 2021,GREEN,179,127,30,0,0.0000000000
Tue May 04 10:11:05 2021,RED,58,21,30,0,0.0000000000
Tue May 04 10:11:05 2021,GREEN,181,129,30,0,0.0000000000
Tue May 04 10:11:05 2021,RED,58,17,30,0,0.0000000000
Tue May 04 10:11:05 2021,GREEN,183,131,30,0,0.0000000000
Tue May 04 10:11:05 2021,RED,58,15,30,0,0.0000000000
Tue May 04 10:11:05 2021,GREEN,185,133,30,0,0.0000000000
Tue May 04 10:11:06 2021,RED,58,19,30,0,0.0000000000
Tue May 04 10:11:06 2021,GREEN,187,135,30,0,0.0000000000
Tue May 04 10:11:06 2021,RED,58,23,30,0,0.0000000000
Tue May 04 10:11:06 2021,GREEN,189,137,30,0,0.0000000000
Tue May 04 10:11:06 2021,RED,58,27,30,0,0.0000000000
Tue May 04 10:11:06 2021,GREEN,191,139,30,0,0.0000000000
Tue May 04 10:11:06 2021,RED,58,31,30,0,0.0000000000
Tue May 04 10:11:06 2021,GREEN,193,141,30,0,0.0000000000
Tue May 04 10:11:06 2021,RED,58,35,30,0,0.0000000000
Tue May 04 10:11:06 2021,GREEN,195,143,30,0,0.0000000000
Tue May 04 10:11:06 2021,RED,58,39,30,0,0.0000000000
Tue May 04 10:11:06 2021,GREEN,197,145,30,0,0.0000000000
Tue May 04 10:11:06 2021,RED,58,43,30,0,0.0000000000
Tue May 04 10:11:06 2021,GREEN,199,147,30,0,0.0000000000
Tue May 04 10:11:06 2021,RED,58,47,30,0,0.0000000000
Tue May 04 10:11:06 2021,GREEN,201,149,30,0,0.0000000000
Tue May 04 10:11:06 2021,RED,58,51,30,0,0.0000000000
Tue May 04 10:11:06 2021,GREEN,203,151,30,0,0.0000000000
Tue May 04 10:11:06 2021,RED,58,55,30,0,0.0000000000
Tue May 04 10:11:06 2021,GREEN,205,153,30,0,0.0000000000
Tue May 04 10:11:06 2021,RED,58,59,30,0,0.0000000000
Tue May 04 10:11:06 2021,GREEN,207,155,30,0,0.0000000000
Tue May 04 10:11:06 2021,RED,58,63,30,0,0.0000000000
Tue May 04 10:11:06 2021,GREEN,209,157,30,0,0.0000000000
Tue May 04 10:11:06 2021,RED,58,67,30,0,0.0000000000
Tue May 04 10:11:06 2021,GREEN,211,159,30,0,0.0000000000
Tue May 04 10:11:06 2021,RED,58,71,30,0,0.0000000000
Tue May 04 10:11:06 2021,GREEN,213,161,30,0,0.0000000000
Tue May 04 10:11:06 2021,RED,58,75,30,0,0.0000000000
Tue May 04 10:11:06 2021,GREEN,215,163,30,0,0.0000000000
Tue May 04 10:11:06 2021,RED,58,79,30,0,0.0000000000
Tue May 04 10:11:06 2021,GREEN,217,165,30,0,0.0000000000
Tue May 04 10:11:07 2021,RED,58,83,30,0,0.0000000000
Tue May 04 10:11:07 2021,GREEN,219,167,30,0,0.0000000000
Tue May 04 10:11:07 2021,RED,58,87,30,0,0.0000000000
Tue May 04 10:11:07 2021,GREEN,220,169,30,0,0.0000000000
Tue May 04 10:11:07 2021,RED,58,91,30,0,0.0000000000
Tue May 04 10:11:07 2021,GREEN,218,171,30,0,0.0000000000
Tue May 04 10:11:07 2021,RED,58,95,30,0,0.0000000000
Tue May 04 10:11:07 2021,GREEN,216,173,30,0,0.0000000000
Tue May 04 10:11:07 2021,RED,58,99,30,0,0.0000000000
Tue May 04 10:11:07 2021,GREEN,214,175,30,0,0.0000000000
Tue May 04 10:11:07 2021,RED,58,103,30,0,0.0000000000
Tue May 04 10:11:07 2021,GREEN,212,177,30,0,0.0000000000
Tue May 04 10:11:07 2021,RED,58,107,30,0,0.0000000000
Tue May 04 10:11:07 2021,GREEN,210,179,30,0,0.0000000000
Tue May 04 10:11:07 2021,RED,58,111,30,0,0.0000000000
Tue May 04 10:11:07 2021,GREEN,208,181,30,0,0.0000000000
Tue May 04 10:11:07 2021,RED,58,115,30,0,0.0000000000
Tue May 04 10:11:07 2021,GREEN,206,183,30,0,0.0000000000
Tue May 04 10:11:07 2021,RED,58,119,30,0,0.0000000000
Tue May 04 10:11:07 2021,GREEN,204,185,30,0,0.0000000000
Tue May 04 10:11:07 2021,RED,58,123,30,0,0.0000000000
Tue May 04 10:11:07 2021,GREEN,202,187,30,0,0.0000000000
Tue May 04 10:11:07 2021,RED,58,127,30,0,0.0000000000
Tue May 04 10:11:07 2021,GREEN,200,189,30,0,0.0000000000
Tue May 04 10:11:07 2021,RED,58,131,30,0,0.0000000000
Tue May 04 10:11:07 2021,GREEN,198,191,30,0,0.0000000000
Tue May 04 10:11:07 2021,RED,58,135,30,0,0.0000000000
Tue May 04 10:11:07 2021,GREEN,196,193,30,0,0.0000000000
Tue May 04 10:11:07 2021,RED,58,139,30,0,0.0000000000
Tue May 04 10:11:07 2021,GREEN,194,195,30,0,0.0000000000
Tue May 04 10:11:08 2021,RED,58,143,30,0,0.0000000000
Tue May 04 10:11:08 2021,GREEN,192,197,30,0,0.0000000000
Tue May 04 10:11:08 2021,RED,58,147,30,0,0.0000000000
Tue May 04 10:11:08 2021,GREEN,190,199,30,0,0.0000000000
Tue May 04 10:11:08 2021,RED,58,151,30,0,0.0000000000
Tue May 04 10:11:08 2021,GREEN,188,201,30,0,0.0000000000
Tue May 04 10:11:08 2021,RED,58,155,30,0,0.0000000000
Tue May 04 10:11:08 2021,GREEN,186,203,30,0,0.0000000000
Tue May 04 10:11:08 2021,RED,58,159,30,0,0.0000000000
Tue May 04 10:11:08 2021,GREEN,184,205,30,0,0.0000000000
Tue May 04 10:11:08 2021,RED,58,163,30,0,0.0000000000
Tue May 04 10:11:08 2021,GREEN,182,207,30,0,0.0000000000
Tue May 04 10:11:08 2021,RED,58,167,30,0,0.0000000000
Tue May 04 10:11:08 2021,GREEN,180,209,30,0,0.0000000000
Tue May 04 10:11:08 2021,RED,58,171,30,0,0.0000000000
Tue May 04 10:11:08 2021,GREEN,178,211,30,0,0.0000000000
Tue May 04 10:11:08 2021,RED,58,175,30,0,0.0000000000
Tue May 04 10:11:08 2021,GREEN,176,213,30,0,0.0000000000
Tue May 04 10:11:08 2021,RED,58,179,30,0,0.0000000000
Tue May 04 10:11:08 2021,GREEN,174,215,30,0,0.0000000000
Tue May 04 10:11:08 2021,RED,58,183,30,0,0.0000000000
Tue May 04 10:11:08 2021,GREEN,172,217,30,0,0.0000000000
Tue May 04 10:11:08 2021,RED,58,187,30,0,0.0000000000
Tue May 04 10:11:08 2021,GREEN,170,219,30,0,0.0000000000
Tue May 04 10:11:08 2021,RED,58,191,30,0,0.0000000000
Tue May 04 10:11:08 2021,GREEN,168,221,30,0,0.0000000000
Tue May 04 10:11:08 2021,RED,58,195,30,0,0.0000000000
Tue May 04 10:11:08 2021,GREEN,166,223,30,0,0.0000000000
Tue May 04 10:11:08 2021,RED,58,199,30,0,0.0000000000
Tue May 04 10:11:08 2021,GREEN,164,225,30,0,0.0000000000
Tue May 04 10:11:08 2021,RED,58,203,30,0,0.0000000000
Tue May 04 10:11:08 2021,GREEN,162,227,30,0,0.0000000000
Tue May 04 10:11:09 2021,RED,58,207,30,0,0.0000000000
Tue May 04 10:11:09 2021,GREEN,160,229,30,0,0.0000000000
Tue May 04 10:11:09 2021,RED,58,211,30,0,0.0000000000
Tue May 04 10:11:09 2021,GREEN,158,231,30,0,0.0000000000
Tue May 04 10:11:09 2021,RED,58,215,30,0,0.0000000000
Tue May 04 10:11:09 2021,GREEN,156,233,30,0,0.0000000000
Tue May 04 10:11:09 2021,RED,58,219,30,0,0.0000000000
Tue May 04 10:11:09 2021,GREEN,154,235,30,0,0.0000000000
Tue May 04 10:11:09 2021,RED,58,223,30,0,0.0000000000
Tue May 04 10:11:09 2021,GREEN,152,237,30,0,0.0000000000
Tue May 04 10:11:09 2021,RED,58,227,30,0,0.0000000000
Tue May 04 10:11:09 2021,GREEN,150,239,30,0,0.0000000000
Tue May 04 10:11:09 2021,RED,58,231,30,0,0.0000000000
Tue May 04 10:11:09 2021,GREEN,148,241,30,0,0.0000000000
Tue May 04 10:11:09 2021,RED,58,235,30,0,0.0000000000
Tue May 04 10:11:09 2021,GREEN,146,243,30,0,0.0000000000
Tue May 04 10:11:09 2021,RED,58,239,30,0,0.0000000000
Tue May 04 10:11:09 2021,GREEN,144,245,30,0,0.0000000000
Tue May 04 10:11:09 2021,RED,58,243,30,0,0.0000000000
Tue May 04 10:11:09 2021,GREEN,142,247,30,0,0.0000000000
Tue May 04 10:11:09 2021,RED,58,247,30,0,0.0000000000
Tue May 04 10:11:09 2021,GREEN,140,249,30,0,0.0000000000
Tue May 04 10:11:09 2021,RED,58,250,30,0,0.0000000000
Tue May 04 10:11:09 2021,GREEN,138,250,30,0,0.0000000000
Tue May 04 10:11:09 2021,RED,58,246,30,0,0.0000000000
Tue May 04 10:11:09 2021,GREEN,136,248,30,0,0.0000000000
Tue May 04 10:11:09 2021,RED,58,242,30,0,0.0000000000
Tue May 04 10:11:09 2021,GREEN,134,246,30,0,0.0000000000
Tue May 04 10:11:09 2021,RED,58,238,30,0,0.0000000000
Tue May 04 10:11:09 2021,GREEN,132,244,30,0,0.0000000000
Tue May 04 10:11:09 2021,RED,58,234,30,0,0.0000000000
Tue May 04 10:11:09 2021,GREEN,130,242,30,0,0.0000000000
Tue May 04 10:11:10 2021,RED,58,230,30,0,0.0000000000
Tue May 04 10:11:10 2021,GREEN,128,240,30,0,0.0000000000
Tue May 04 10:11:10 2021,RED,58,226,30,0,0.0000000000
Tue May 04 10:11:10 2021,GREEN,126,238,30,0,0.0000000000
Tue May 04 10:11:10 2021,RED,58,222,30,0,0.0000000000
Tue May 04 10:11:10 2021,GREEN,124,236,30,0,0.0000000000
Tue May 04 10:11:10 2021,RED,58,218,30,0,0.0000000000
Tue May 04 10:11:10 2021,GREEN,122,234,30,0,0.0000000000
Tue May 04 10:11:10 2021,RED,58,214,30,0,0.0000000000
Tue May 04 10:11:10 2021,GREEN,120,232,30,0,0.0000000000
Tue May 04 10:11:10 2021,RED,58,210,30,0,0.0000000000
Tue May 04 10:11:10 2021,GREEN,118,230,30,0,0.0000000000
Tue May 04 10:11:10 2021,RED,58,206,30,0,0.0000000000
Tue May 04 10:11:10 2021,GREEN,116,228,30,0,0.0000000000
Tue May 04 10:11:10 2021,RED,58,202,30,0,0.0000000000
Tue May 04 10:11:10 2021,GREEN,114,226,30,0,0.0000000000
Tue May 04 10:11:10 2021,RED,58,198,30,0,0.0000000000
Tue May 04 10:11:10 2021,GREEN,112,224,30,0,0.0000000000
Tue May 04 10:11:10 2021,RED,58,194,30,0,0.0000000000
Tue May 04 10:11:10 2021,GREEN,110,222,30,0,0.0000000000
